provinceEnglishName,DateTime,city_confirmIncrease,city_confirmedCount,city_curedIncrease,city_curedCount,city_deadIncrease,city_deadCount,city_suspectedIncrease,city_suspectedClear,city_suspectedCount,city_confirmIncrease_fromSuspected,city_confirmClear,city_doctorClear,Note,Ref,city_doctorIncrease,city_doctorCount
all,2003-03-31,,1190,,,,46,,,,,,,,,,
all,2003-04-02,,1220,,,,49,,,,,,,#ERROR!,,,
all,2003-04-06,,1268,,,,53,,,,,,,,,,
all,2003-04-09,,1290,,1025,,55,,,,,,,,,,
all,2003-04-15 12:00,,1435,,1094,,64,,,,,,,4月10日以来，全国非典型肺炎的病人数有所增加，其中，山西增加了近50例，原因主要是，卫生部修改和颁发了《传染性非典型肺炎临床诊断标准（试行）》，同时也派出了专家工作组对过去可疑的病人进行确诊，使全国的病例数有所增加,,,
all,2003-04-18,,1807,,1165,,79,,,,,,,,,,
all,2003-04-21,,2001,,1201,,92,,,753,,,,最近三天，北京报告病例数增加较多，主要是将疑似病人进一步核实，一部分被确诊为非典型肺炎患者。北京报告的疑似病例数增加较多，主要是采取严格的防疫措施，加大了排查力度，将过去分散在有关医疗机构的隔离观察病例，进行集中收治。,,,456
all,2003-04-22 20:00,,2305,,1231,,106,,,1093,,,,,,,517
all,2003-04-23 20:00,,2422,,1254,,110,,,1278,,,,,,,541
all,2003-04-24 20:00,180,2601,23,1227,5,115,330,,1482,,,,,http://www.nhc.gov.cn/wjw/zcjd/201304/f4442707fc3049d2a4d65eebc853cf64.shtml,38,578
all,2003-04-26 10:00,154,2753,8,1285,7,122,327,,1730,,,,,http://www.china.com.cn/zhuanti2005/txt/2003-04/27/content_5321187.htm,8,588
all,2003-04-27 10:00,161,2914,14,1299,9,131,303,,1921,,,,,http://www.china.com.cn/zhuanti2005/txt/2003-04/27/content_5321474.htm,22,610
all,2003-04-28 10:00,203,3106,7,1306,8,139,290,,2106,,,,,http://www.china.com.cn/zhuanti2005/txt/2003-05/07/content_5321948.htm,36,653
all,2003-04-29 10:00,202,3303,16,1322,9,148,321,,2259,,,,,http://www.china.com.cn/zhuanti2005/txt/2003-05/07/content_5322738.htm,57,709
all,2003-04-30 10:00,166,3460,8,1332,11,159,224,,2203,,,,,http://www.china.com.cn/zhuanti2005/txt/2003-05/07/content_5323381.htm,21,727
all,2003-05-01 10:00,187,3638,19,1351,11,170,244,116,2219,40,9,2,,http://www.nhc.gov.cn/wjw/zcjd/201304/7d338c0082a94e908555ff1d553608c4.shtml,28,753
all,2003-05-02 10:00,176,3799,21,1372,11,181,322,74,2459,80,15,3,,http://www.china.com.cn/zhuanti2005/txt/2003-05/07/content_5324051.htm,28,778
all,2003-05-03 10:00,181,3971,34,1406,9,190,251,63,2553,94,9,1,,http://www.china.com.cn/zhuanti2005/txt/2003-05/07/content_5324285.htm,33,810
all,2003-05-04 10:00,163,4125,10,1416,7,197,222,93,2599,83,9,0,,http://www.china.com.cn/zhuanti2005/txt/2003-05/07/content_5324598.htm,18,832
all,2003-05-05 10:00,160,4280,17,1433,9,206,177,84,2604,88,5,0,截至5月5日10时，报告有疫情的省份仍为26个。海南、贵州、云南、西藏、青海5个省份尚未发现疫情。在报告有疫情的省份中，福建已经连续27天没有新发病例报告，山东连续11天没有新发病例报告。辽宁、黑龙江、浙江、湖南、新疆5个省份连续5天没有新增临床诊断病例报告。,http://www.china.com.cn/zhuanti2005/txt/2003-05/07/content_5324808.htm,19,851
all,2003-05-06 10:00,138,4409,27,1460,8,214,189,70,2646,77,9,1,截至5月6日10时，报告有疫情的省份为25个。海南、贵州、云南、西藏、青海5个省份未发现疫情，新疆今天排除了仅剩的1例疑似病例。在报告有疫情的省份中，黑龙江没有临床诊断病例报告；福建已经连续28天没有新发病例报告，山东连续12天没有新发病例报告。4月21日以来，辽宁、浙江、湖南连续15天没有新增临床诊断病例报告。,http://www.nhc.gov.cn/wjw/zcjd/201304/7b70c91314a847e689eeba6146638ad8.shtml,33,883
all,2003-05-07 10:00,159,4560,27,1487,5,219,204,92,2666,91,,,,http://www.nhc.gov.cn/wjw/zcjd/201304/ccd44d4a5a5e4394ae7b7b0d13be5dfc.shtml,20,901
all,2003-05-08 10:00,146,4698,43,1529,5,224,207,126,2648,99,8,0,,http://www.china.com.cn/zhuanti2005/txt/2003-05/08/content_5326489.htm,16,917
all,2003-05-09 10:00,118,4805,53,1582,6,230,144,164,2566,62,11,1,,http://www.china.com.cn/zhuanti2005/txt/2003-05/09/content_5327148.htm,9,925
all,2003-05-10 10:00,85,4884,38,1620,5,235,137,128,2526,49,6,1,,http://www.china.com.cn/zhuanti2005/txt/2003-05/10/content_5327450.htm,7,931
all,2003-05-11 10:00,69,4948,32,1652,5,240,145,73,2559,39,5,1,,http://www.china.com.cn/zhuanti2005/txt/2003-05/11/content_5327813.htm,5,935
all,2003-05-12 10:00,75,5013,41,1693,12,252,95,116,2476,62,10,0,,http://www.china.com.cn/zhuanti2005/txt/2003-05/12/content_5328349.htm,6,941
all,2003-05-13 10:00,80,5086,72,1765,10,262,84,91,2412,57,7,4,,http://www.china.com.cn/zhuanti2005/txt/2003-05/13/content_5328992.htm,5,942
all,2003-05-14 10:00,55,5124,46,1811,5,267,95,127,2349,31,17,0,,http://www.china.com.cn/zhuanti2005/txt/2003-05/14/content_5329578.htm,5,947
all,2003-05-15 10:00,52,5163,47,1858,4,271,86,129,2278,28,13,0,,http://www.china.com.cn/zhuanti2005/txt/2003-05/15/content_5330197.htm,3,949
all,2003-05-16 10:00,39,5191,89,1947,4,275,94,170,2173,29,11,0,,http://www.china.com.cn/zhuanti2005/txt/2003-05/16/content_5330855.htm,3,952
all,2003-05-17 10:00,28,5209,62,2009,7,282,84,107,2132,18,10,0,,http://www.china.com.cn/zhuanti2005/txt/2003-05/17/content_5331217.htm,4,954
all,2003-05-18 10:00,28,5233,70,2079,2,284,71,105,2082,16,4,0,,http://www.china.com.cn/zhuanti2005/txt/2003-05/18/content_5331500.htm,5,959
all,2003-05-19 10:00,12,5236,69,2148,5,289,64,104,2036,6,9,1,,http://www.china.com.cn/zhuanti2005/txt/2003-05/19/content_5332042.htm,2,960
all,2003-05-20 10:00,17,5248,106,2254,5,294,38,122,1936,15,5,2,,http://www.china.com.cn/zhuanti2005/txt/2003-05/20/content_5332683.htm,1,959
all,2003-05-21 10:00,12,5249,81,2335,2,296,48,116,1857,11,11,1,,http://www.china.com.cn/zhuanti2005/txt/2003-05/21/content_5333377.htm,1,959
all,2003-05-22 10:00,26,5271,110,2445,4,300,41,91,1788,19,5,2,,http://www.china.com.cn/zhuanti2005/txt/2003-05/22/content_5333975.htm,4,961
all,2003-05-23 10:00,20,5285,99,2544,3,303,40,95,1714,19,8,1,,http://www.china.com.cn/zhuanti2005/txt/2003-05/23/content_5334762.htm,2,962
all,2003-05-24 10:00,34,5309,131,2675,5,308,37,89,1632,30,10,0,,http://www.china.com.cn/zhuanti2005/txt/2003-05/24/content_5335323.htm,1,963
all,2003-05-25 10:00,16,5316,67,2742,7,315,35,81,1573,13,9,2,,http://www.china.com.cn/zhuanti2005/txt/2003-05/25/content_5335673.htm,3,964
all,2003-05-26 10:00,8,5316,87,2829,2,317,29,85,1510,7,8,1,,http://www.china.com.cn/zhuanti2005/txt/2003-05/26/content_5336231.htm,2,965
all,2003-05-27 10:00,9,5322,115,2944,4,321,26,136,1393,7,3,0,,http://www.china.com.cn/zhuanti2005/txt/2003-05/27/content_5336901.htm,1,966
all,2003-05-28 10:00,4,5323,92,3036,4,325,23,128,1287,1,3,0,,http://www.china.com.cn/zhuanti2005/txt/2003-05/28/content_5337383.htm,0,966
all,2003-05-29 10:00,3,5325,85,3121,2,327,10,174,1120,3,1,0,,http://www.china.com.cn/zhuanti2005/txt/2003-05/29/content_5338074.htm,0,966
all,2003-05-30 10:00,7,5328,129,3250,1,328,10,82,1042,6,4,0,,http://www.china.com.cn/zhuanti2005/txt/2003-05/30/content_5338678.htm,0,966
all,2003-05-31 10:00,1,5328,121,3371,4,332,10,48,1003,1,1,0,,http://www.china.com.cn/zhuanti2005/txt/2003-05/31/content_5339015.htm,1,967
all,2003-06-01 10:00,2,5328,62,3431,0,332,7,27,982,2,1,0,合计包括黑龙江、新疆、甘肃、江苏、安徽、陕西、浙江、河南、重庆、江西、宁夏、山东、福建、湖南等14个省份的原有疫情数字(累计临床诊断75例，累计疑似病例21例，累计治愈出院55例，累计死亡3例)。,http://www.china.com.cn/zhuanti2005/txt/2003-06/01/content_5339210.htm,1,968
all,2003-06-02 10:00,0,5328,64,3495,2,334,9,26,965,0,0,0,合计包括黑龙江、新疆、甘肃、江苏、安徽、陕西、浙江、河南、重庆、江西、宁夏、山东、福建、湖南等14个省份的原有疫情数字（累计临床诊断病例75例，累计疑似病例22例，累计治愈出院57例，累计死亡4例）,http://www.china.com.cn/zhuanti2005/txt/2003-06/02/content_5339724.htm,0,968
all,2003-06-03 10:00,3,5329,63,3558,0,334,3,36,929,3,2,0,合计包括黑龙江、新疆、甘肃、江苏、安徽、陕西、浙江、河南、重庆、江西、宁夏、山东、福建、湖南等14个省份的原有疫情数字（新增治愈出院2例，累计临床诊断病例75例，累计疑似病例22例，累计治愈出院59例，累计死亡4例）。,http://www.china.com.cn/zhuanti2005/txt/2003-06/04/content_5340142.htm,1,969
all,2003-06-04 10:00,0,5329,116,3674,0,334,4,25,908,0,0,0,合计包括黑龙江、新疆、甘肃、江苏、安徽、陕西、浙江、河南、重庆、江西、宁夏、山东、福建、湖南等14个省份的原有疫情数字（新增治愈出院3例，新排除疑似病例1例，累计临床诊断病例75例，累计疑似病例15例，累计治愈出院62例，累计死亡4例）,http://www.china.com.cn/zhuanti2005/txt/2003-06/04/content_5340807.htm,0,969
all,2003-06-05 10:00,0,5329,96,3770,2,336,4,17,895,0,0,0,合计包括黑龙江、新疆、甘肃、江苏、安徽、陕西、浙江、河南、重庆、江西、宁夏、山东、福建、湖南等14个省份的原有疫情数字（新增治愈出院3例，累计临床诊断病例75例，累计疑似病例15例，累计治愈出院65例，累计死亡4例）。,http://www.china.com.cn/zhuanti2005/txt/2003-06/05/content_5341265.htm,0,969
all,2003-06-06 10:00,1,5329,99,3869,2,338,4,30,868,1,1,0,合计包括天津、吉林、黑龙江、新疆、甘肃、江苏、安徽、陕西、浙江、河南、重庆、江西、宁夏、山东、福建、湖南、广东等17个省份的原有疫情数字（新增治愈出院2例，新增疑似病例2例，新增排除疑似病例10例，累计临床诊断病例1796例，累计疑似病例101例，累计治愈出院1667例，累计死亡81例）,http://www.china.com.cn/zhuanti2005/txt/2003-06/06/content_5341843.htm,0,969
all,2003-06-07 10:00,1,5330,65,3934,0,338,4,72,800,0,0,0,合计包括天津、吉林、黑龙江、新疆、甘肃、江苏、安徽、陕西、浙江、河南、重庆、江西、宁夏、山东、福建、湖南、广东、广西等18个省份的原有疫情数字（新增治愈出院4例，新增疑似病例2例，新增排除疑似病例12例，累计临床诊断病例1818例，累计疑似病例101例，累计治愈出院1684例，累计死亡84例）。,http://www.china.com.cn/zhuanti2005/txt/2003-06/07/content_5342139.htm,0,969
all,2003-06-08 10:00,0,5328,124,4057,1,339,3,140,663,0,2,0,合计包括天津、吉林、黑龙江、江苏、浙江、安徽、福建、江西、山东、河南、湖北、湖南、广东、广西、重庆、陕西、甘肃、宁夏、新疆19个省份的原有疫情数字（新增治愈出院7例，新增疑似病例3例，新增排除疑似病例9例，累计临床诊断病例1825例，累计疑似病例88例，累计现住院治疗49例，累计治愈出院1699例，累计死亡85例）。,http://www.china.com.cn/zhuanti2005/txt/2003-06/08/content_5342345.htm,,
all,2003-06-09 10:00,0,5328,129,4186,1,340,1,106,559,0,0,0,合计包括天津、吉林、黑龙江、江苏、浙江、安徽、福建、江西、山东、河南、湖北、湖南、广东、广西、重庆、陕西、甘肃、宁夏、新疆19个省份的原有疫情数字（新增治愈出院4例，新增死亡病例1例，新增疑似病例1例，新增排除疑似病例5例，累计临床诊断病例1825例，累计疑似病例83例（含今日更正新疆6月9日未排除疑似病例1例），累计现住院治疗44例，累计治愈出院1703例，累计死亡86例）。,http://www.china.com.cn/zhuanti2005/txt/2003-06/09/content_5342924.htm,,
all,2003-06-10 10:00,0,5328,108,4294,3,343,0,116,443,0,0,0,合计包括天津、吉林、黑龙江、江苏、浙江、安徽、福建、江西、山东、河南、湖北、湖南、广东、广西、重庆、陕西、甘肃、宁夏、新疆19个省份的原有疫情数字（新增排除疑似病例8例，累计临床诊断病例1825例，累计疑似病例77例，累计现住院治疗34例，累计治愈出院1705例，累计死亡86例）。,http://www.china.com.cn/zhuanti2005/txt/2003-06/10/content_5343652.htm,,
all,2003-06-11 10:00,1,5329,96,4390,0,343,3,118,327,1,0,0,“累计”栏为全国内地非典型肺炎累计数据，其中包括原有疫情省份天津、吉林、黑龙江、江苏、浙江、安徽、福建、江西、山东、河南、湖北、湖南、广东、广西、重庆、陕西、甘肃、宁夏、新疆的数据（当天排除疑似病例19例，累计临床诊断病例1825例，累计疑似病例58例，累计现住院治疗31例，累计治愈出院1708例，累计死亡86例）。,http://www.china.com.cn/zhuanti2005/txt/2003-06/11/content_5344472.htm,,
all,2003-06-12 10:00,0,5328,67,4457,1,343,1,108,220,0,1,0,“累计”栏为全国内地非典型肺炎累计数据，其中包括原有疫情省份天津、吉林、黑龙江、上海、江苏、浙江、安徽、福建、江西、山东、河南、湖北、湖南、广东、广西、重庆、陕西、甘肃、宁夏、新疆的数据（当天新增疑似诊断病例1例，排除疑似病例5例，累计临床诊断病例1833例，累计疑似病例54例，累计现住院治疗31例，累计治愈出院1714例，累计死亡88例）。,http://www.china.com.cn/zhuanti2005/txt/2003-06/13/content_5345309.htm,,
all,2003-06-13 10:00,0,5327,73,4530,0,343,1,101,120,0,1,0,“累计”栏为全国内地非典型肺炎累计数据，其中包括原有疫情省份天津、吉林、上海、江苏、浙江、安徽、福建、江西、山东、河南、湖北、湖南、广东、广西、重庆、陕西、甘肃、宁夏、新疆的数据（当天新增疑似病例1例，排除疑似病例16例，累计临床诊断病例1833例，累计疑似病例39例，累计现住院治疗27例，累计治愈出院1718例，累计死亡88例）。,china.com.cn/zhuanti2005/txt/2003-06/13/content_5346143.htm,,
all,2003-06-14 10:00,0,5327,55,4585,2,345,3,70,53,0,0,0,“累计”栏为全国内地非典型肺炎累计数据。,http://www.china.com.cn/zhuanti2005/txt/2003-06/14/content_5346404.htm,,
all,2003-06-15 10:00,0,5327,29,4614,0,345,0,3,50,0,0,0,“累计”栏为全国内地非典型肺炎累计数据。,http://www.china.com.cn/zhuanti2005/txt/2003-06/15/content_5346614.htm,,
all,2003-06-16 10:00,0,5326,42,4656,1,346,0,0,50,0,1,0,“累计”栏为全国内地非典型肺炎累计数据。,http://www.china.com.cn/zhuanti2005/txt/2003-06/16/content_5347381.htm,,
all,2003-06-17 10:00,0,5326,69,4725,0,346,2,0,50,0,0,0,,http://www.china.com.cn/zhuanti2005/txt/2003-06/17/content_5348299.htm,,
all,2003-06-18 10:00,0,5326,37,4762,1,347,0,3,47,0,0,0,,http://www.china.com.cn/zhuanti2005/txt/2003-06/18/content_5349032.htm,,
all,2003-06-19 10:00,0,5326,24,4786,0,347,0,23,24,0,0,0,,http://www.china.com.cn/zhuanti2005/txt/2003-06/19/content_5349857.htm,,
all,2003-06-20 10:00,0,5326,20,4806,0,347,0,1,23,0,0,0,,http://www.china.com.cn/zhuanti2005/txt/2003-06/20/content_5350750.htm,,
all,2003-06-21 10:00,0,5326,43,4849,0,347,1,1,23,0,0,0,,http://www.china.com.cn/zhuanti2005/txt/2003-06/21/content_5351010.htm,,
all,2003-06-22 10:00,0,5326,26,4875,0,347,0,0,23,0,0,0,,http://www.china.com.cn/zhuanti2005/txt/2003-06/22/content_5351222.htm,,
all,2003-06-23 10:00,0,5326,20,4895,0,347,0,0,23,0,0,0,,http://www.china.com.cn/zhuanti2005/txt/2003-06/23/content_5351925.htm,,
all,2003-06-24 10:00,0,5326,6,4901,0,347,0,0,,,,,,http://www.china.com.cn/zhuanti2005/txt/2003-06/24/content_5352763.htm,,
all,2003-06-25 16:00,1,5327,15,4916,1,348,0,0,,1,,,,http://www.china.com.cn/zhuanti2005/txt/2003-06/25/content_5353571.htm,,
all,2003-06-26 16:00,0,,5,4921,0,,0,0,,,,,,http://www.china.com.cn/zhuanti2005/txt/2003-06/26/content_5354293.htm,,
all,2003-06-28 16:00,0,,5,4926,0,,0,0,,,,,,http://www.china.com.cn/zhuanti2005/txt/2003-06/28/content_5355476.htm,,
all,2003-06-29 10:00,0,,1,4927,0,,1,0,,,,,,http://www.china.com.cn/zhuanti2005/txt/2003-06/29/content_5355736.htm,,
all,2003-06-30 10:00,0,,3,4930,0,,0,0,,,,,,http://www.china.com.cn/zhuanti2005/txt/2003-07/01/content_5357369.htm,,
all,2003-07-02 10:00,,,3,4933,0,,1,0,,,,,,http://www.china.com.cn/zhuanti2005/txt/2003-07/02/content_5358150.htm,,
all,2003-07-04 10:00,0,,1,4934,0,,0,0,,,,,,http://www.china.com.cn/zhuanti2005/txt/2003-07/04/content_5359694.htm,,
all,2003-07-05 10:00,0,,3,4937,,,,,,,,,,http://www.china.com.cn/zhuanti2005/txt/2003-07/05/content_5360013.htm,,
all,2003-07-08 10:00,,,2,4939,,,,,,,,,,http://www.china.com.cn/zhuanti2005/txt/2003-07/08/content_5361675.htm,,
all,2003-07-10 10:00,,,2,4941,,,,,,,,,,http://www.china.com.cn/zhuanti2005/txt/2003-07/10/content_5363388.htm,,
all,2003-07-12 10:00,,,1,4942,,,,,,,,,,http://www.china.com.cn/zhuanti2005/txt/2003-07/12/content_5364494.htm,,
all,2003-07-13 10:00,,,2,4944,,,,,,,,,,http://www.china.com.cn/zhuanti2005/txt/2003-07/13/content_5364734.htm,,
all,2003-07-27 10:00,,,,,1,349,,,,,,,,http://www.nhc.gov.cn/wjw/zcjd/201304/bf2a96c01f3b4c8f8e0bb0b1314f3a58.shtml,,
all,2003-07-30 10:00,,,1,4948,,,,,,,,,,http://www.nhc.gov.cn/wjw/zcjd/201304/01c7d34e555d480eac988e88f7587076.shtml,,
all,2003-08-02 10:00,,,1,4949,,,,,,,,,,http://www.nhc.gov.cn/wjw/zcjd/201304/6d801d1a777440e5b2da5aedb1dc2bc2.shtml,,
all,2003-08-13 10:00,,,1,4950,,,,,,,,,,http://www.nhc.gov.cn/wjw/zcjd/201304/2477950c376f47bdaf5aa5f59ea43626.shtml,,
all,2003-08-14 10:00,,,3,4953,,,,,,,,,,http://www.nhc.gov.cn/wjw/zcjd/201304/ca4172d681714f6184e7e13dd8a24f30.shtml,,
all,2003-08-15 10:00,,,3,4956,,,,,,,,,,http://www.nhc.gov.cn/wjw/zcjd/201304/36ef18dc85b040b0ac8d804ceb90214d.shtml,,
all,2003-08-16 10:00,,,3,4959,,,,,,,,,,http://www.nhc.gov.cn/wjw/zcjd/201304/a0d4975881e44d389195779773afaabc.shtml,,
all,2003-07-15 10:00,,,1,4945,,,,,,,,,,http://www.china.com.cn/zhuanti2005/txt/2003-07/15/content_5366305.htm,,
all,2003-07-16 10:00,,,1,4946,,,,,,,,,,http://www.china.com.cn/zhuanti2005/txt/2003-07/16/content_5367129.htm,,
all,2003-07-17 10:00,,,1,4947,,,,,,,,,,http://www.china.com.cn/zhuanti2005/txt/2003-07/17/content_5367975.htm,,
Anhui,2003-04-22 20:00,,0,,0,,0,,,1,,,,,,,0
Anhui,2003-04-23 20:00,,1,,0,,0,,,0,,,,,,,0
Anhui,2003-04-24 20:00,0,1,0,0,0,0,0,,0,,,,,,0,0
Anhui,2003-04-26 10:00,0,1,0,0,0,0,1,,1,,,,,,0,0
Anhui,2003-04-27 10:00,3,4,0,0,0,0,0,,1,,,,,,0,0
Anhui,2003-04-28 10:00,0,4,0,0,0,0,1,,2,,,,,,0,0
Anhui,2003-04-29 10:00,1,5,0,0,0,0,1,,3,,,,,,0,0
Anhui,2003-04-30 10:00,2,7,0,0,0,0,1,,2,,,,,,0,0
Anhui,2003-05-01 10:00,0,7,0,0,0,0,2,0,4,0,0,0,,,0,0
Anhui,2003-05-02 10:00,2,9,0,0,0,0,4,0,8,0,0,0,,,0,0
Anhui,2003-05-03 10:00,0,9,0,0,0,0,1,0,9,0,0,0,,,0,0
Anhui,2003-05-04 10:00,0,8,0,0,0,0,1,2,8,0,1,0,安徽排除原临床诊断病例1例。,,0,0
Anhui,2003-05-05 10:00,1,9,0,0,0,0,2,0,10,0,0,0,,,0,0
Anhui,2003-05-06 10:00,0,9,0,0,0,0,3,0,13,0,0,0,,,0,0
Anhui,2003-05-07 10:00,0,9,0,0,0,0,0,2,11,0,0,0,,,0,0
Anhui,2003-05-08 10:00,0,9,0,0,0,0,0,0,11,0,0,0,,,0,0
Anhui,2003-05-09 10:00,0,9,0,0,0,0,2,0,13,0,0,0,,,0,0
Anhui,2003-05-10 10:00,1,10,0,0,0,0,0,0,13,0,0,0,,,0,0
Anhui,2003-05-11 10:00,0,10,0,0,0,0,1,3,11,0,0,0,,,0,0
Anhui,2003-05-12 10:00,0,10,0,0,0,0,0,0,11,0,0,0,,,0,0
Anhui,2003-05-13 10:00,0,10,0,0,0,0,1,0,12,0,0,0,,,0,0
Anhui,2003-05-14 10:00,0,10,1,1,0,0,0,2,10,0,0,0,,,0,0
Anhui,2003-05-15 10:00,0,10,0,1,0,0,1,0,11,0,0,0,,,0,0
Anhui,2003-05-16 10:00,0,10,2,3,0,0,0,0,11,0,0,0,,,0,0
Anhui,2003-05-17 10:00,0,10,2,5,0,0,0,3,8,0,0,0,,,0,0
Anhui,2003-05-18 10:00,0,10,1,6,0,0,0,0,8,0,0,0,,,0,0
Anhui,2003-05-19 10:00,0,10,0,6,0,0,0,0,8,0,0,0,,,0,0
Anhui,2003-05-20 10:00,0,10,0,6,0,0,0,0,8,0,0,0,,,0,0
Anhui,2003-05-21 10:00,0,10,1,7,0,0,0,0,8,0,0,0,,,0,0
Anhui,2003-05-22 10:00,0,10,0,7,0,0,0,0,8,0,0,0,,,0,0
Anhui,2003-05-23 10:00,0,10,0,7,0,0,0,0,8,0,0,0,,,0,0
Anhui,2003-05-24 10:00,0,10,1,8,0,0,0,0,8,0,0,0,,,0,0
Anhui,2003-05-25 10:00,0,10,0,8,0,0,0,1,7,0,0,0,,,0,0
Anhui,2003-05-26 10:00,0,10,0,8,0,0,0,0,7,0,0,0,,,0,0
Anhui,2003-05-27 10:00,0,10,0,8,0,0,0,1,6,0,0,0,,,0,0
Anhui,2003-05-28 10:00,0,10,1,9,0,0,0,2,4,0,0,0,,,0,0
Anhui,2003-05-29 10:00,0,10,0,9,0,0,0,0,4,0,0,0,,,0,0
Anhui,2003-05-30 10:00,0,10,0,9,0,0,0,1,3,0,0,0,,,0,0
Anhui,2003-05-31 10:00,0,10,0,9,0,0,0,1,2,0,0,0,,,0,0
Beijing,2003-03-31,,12,,,,3,,,,,,,,,,
Beijing,2003-04-06,,19,,,,4,,,,,,,,,,
Beijing,2003-04-09,,22,,1,,4,,,,,,,,,,
Beijing,2003-04-15 12:00,,37,,8,,4,,,,,,,,,,
Beijing,2003-04-21,,482,,43,,25,,,610,,,,,,,78
Beijing,2003-04-22 20:00,,693,,55,,35,,,782,,,,,,,126
Beijing,2003-04-23 20:00,,774,,64,,39,,,863,,,,今日北京报告诊断病例排除8例。,,,143
Beijing,2003-04-24 20:00,103,877,9,73,3,42,161,,954,,,,,,17,160
Beijing,2003-04-26 10:00,113,988,3,76,6,48,173,,1093,,,,北京排除临床诊断病例2例。,,7,167
Beijing,2003-04-27 10:00,126,1114,2,78,8,56,162,,1191,,,,北京新增诊断病例126例中，76人为新发病例50人为疑似病例转为临床诊断病例。,,20,187
Beijing,2003-04-28 10:00,96,1199,0,78,3,59,149,,1275,,,,北京新增96例中59人为新发病例，37人为疑似病例转为临床诊断病例。北京总数中排除临床诊断病例11例（含医务人员1例）。,,20,206
Beijing,2003-04-29 10:00,152,1347,5,83,7,66,149,,1358,,,,北京新增152例中103例为新发病例，49例由疑似病例确诊。北京原诊断病例排除4例（含医务人员1例）。,,50,255
Beijing,2003-04-30 10:00,101,1440,7,90,9,75,116,,1408,,,,北京101例新发病例中，70例为新收治病例，31例由疑似病例确诊。北京原诊断病例排除8例（含医务人员3例）。,,18,270
Beijing,2003-05-01 10:00,122,1553,10,100,7,82,96,49,1415,40,9,2,北京122例新发病例中，82例为新收治病例，40例由疑似病例确诊。北京原诊断病例排除9例（含医务人员2例）。,,20,288
Beijing,2003-05-02 10:00,96,1636,9,109,9,91,145,44,1468,48,13,3,北京排除原临床诊断病例13例（含医务人员3例）。,,15,300
Beijing,2003-05-03 10:00,114,1741,6,115,5,96,104,31,1493,48,9,1,北京排除原临床诊断病例9例（含医务人员1例）。,,20,319
Beijing,2003-05-04 10:00,69,1803,3,118,4,100,90,20,1537,26,7,1,北京排除原临床诊断病例7例（含医务人员1例）,,8,326
Beijing,2003-05-05 10:00,98,1897,3,121,3,103,65,34,1510,58,4,0,北京排除原临床诊断病例4例。,,9,335
Beijing,2003-05-06 10:00,70,1960,13,134,4,107,80,30,1523,37,7,1,北京排除原临床诊断病例7例（含医务人员1例，转疑似病例1例）。,,14,348
Beijing,2003-05-07 10:00,97,2049,7,141,3,110,97,49,1514,57,8,2,北京排除原临床诊断病例8例（含医务人员2例，转疑似病例3例）。,,12,358
Beijing,2003-05-08 10:00,94,2136,11,152,2,112,80,51,1486,57,7,0,北京排除原临床诊断病例7例（其中转疑似病例3例）。,,12,370
Beijing,2003-05-09 10:00,48,2177,16,168,2,114,54,87,1425,28,7,1,北京排除原临床诊断病例7例（其中医务人员1例，转疑似病例2例）。,,3,372
Beijing,2003-05-10 10:00,54,2227,7,175,2,116,45,49,1397,24,4,1,北京排除原临床诊断病例4例（其中医务人员1例）。,,4,375
Beijing,2003-05-11 10:00,42,2265,11,186,4,120,51,16,1411,21,4,0,北京排除原临床诊断病例4例。,,4,379
Beijing,2003-05-12 10:00,48,2304,17,203,9,129,48,42,1378,39,9,0,北京排除原临床诊断病例9例（其中2例转疑似病例）。,,5,384
Beijing,2003-05-13 10:00,48,2347,41,244,5,134,35,41,1338,34,5,4,北京排除原临床诊断病例5例（其中医务人员4例，转疑似病例1例）。,,4,384
Beijing,2003-05-14 10:00,39,2370,8,252,5,139,51,63,1308,18,16,0,北京排除原临床诊断病例16例。,,3,387
Beijing,2003-05-15 10:00,27,2388,5,257,1,140,41,20,1317,12,9,0,北京排除原临床诊断病例9例（其中3例转为疑似病例）。,,2,389
Beijing,2003-05-16 10:00,28,2405,16,273,1,141,43,73,1265,22,11,0,北京排除原临床诊断病例11例（其中2例转为疑似病例）。,,2,391
Beijing,2003-05-17 10:00,19,2420,34,307,4,145,41,43,1250,13,4,0,北京排除原临床诊断病例4例（其中1例转为疑似病例）。,,2,393
Beijing,2003-05-18 10:00,17,2434,25,332,2,147,32,24,1250,8,3,0,北京排除原临床诊断病例3例（其中1例转为疑似病例）。,,1,394
Beijing,2003-05-19 10:00,7,2437,17,349,3,150,27,24,1249,4,4,0,北京由原临床诊断病例转疑似病例4例。,,2,396
Beijing,2003-05-20 10:00,12,2444,46,395,4,154,17,31,1225,10,5,2,北京排除原临床诊断病例5例（其中医务人员2例，转疑似病例1例）。,,1,395
Beijing,2003-05-21 10:00,8,2444,52,447,2,156,34,31,1221,7,8,0,北京排除原临床诊断病例8例（其中转疑似病例1例）。,,0,395
Beijing,2003-05-22 10:00,15,2456,81,528,2,158,22,27,1205,11,3,1,"北京排除原临床诊断病例3例（其中转疑似病例1例,医务人员1例）。",,1,395
Beijing,2003-05-23 10:00,15,2465,54,582,2,160,17,29,1179,14,6,1,北京排除原临床诊断病例6例（其中转疑似病例1例，医务人员1例）。,,1,395
Beijing,2003-05-24 10:00,26,2490,85,667,3,163,19,40,1134,24,1,0,北京排除原临床诊断病例1例。,,1,396
Beijing,2003-05-25 10:00,13,2499,37,704,4,167,16,35,1105,10,4,1,北京排除原临床诊断病例4例（其中医务人员1例）。,,1,396
Beijing,2003-05-26 10:00,5,2504,43,747,1,168,20,52,1069,4,0,0,,,1,397
Beijing,2003-05-27 10:00,9,2512,81,828,4,172,11,68,1005,7,1,0,北京市排除原临床诊断病例1例（转为疑似病例）。,,1,398
Beijing,2003-05-28 10:00,3,2514,38,866,3,175,15,79,941,0,1,0,北京排除原临床诊断病例1例（转为疑似病例）。,,0,398
Beijing,2003-05-29 10:00,3,2517,62,928,1,176,6,141,803,3,0,0,,,0,398
Beijing,2003-05-30 10:00,6,2520,78,1006,1,177,6,44,760,5,3,0,北京3例原临床诊断病例转为疑似病例。,,0,398
Beijing,2003-05-31 10:00,1,2521,81,1087,4,181,6,18,747,1,0,0,,,1,399
Beijing,2003-06-01 10:00,1,2522,37,1124,0,181,4,11,739,1,0,0,,,0,399
Beijing,2003-06-02 10:00,0,2522,33,1157,0,181,6,11,734,0,0,0,,,0,399
Beijing,2003-06-03 10:00,2,2522,32,1189,0,181,2,10,724,2,2,0,北京排除原临床诊断病例2例（均转为疑似病例）。,,0,399
Beijing,2003-06-04 10:00,0,2522,74,1263,0,181,2,8,718,0,0,0,,,0,399
Beijing,2003-06-05 10:00,0,2522,58,1321,0,181,1,3,716,0,0,0,,,0,399
Beijing,2003-06-06 10:00,0,2522,82,1403,2,183,2,5,713,0,0,0,,,0,399
Beijing,2003-06-07 10:00,1,2523,43,1446,0,183,2,47,668,0,0,0,,,0,399
Beijing,2003-06-08 10:00,0,2522,97,1543,1,184,0,118,550,0,1,0,北京排除1例临床诊断病例。,,,
Beijing,2003-06-09 10:00,0,2522,110,1653,0,184,0,99,451,0,0,0,不包括7例死于其他疾病的非典型肺炎临床诊断病例。,,,
Beijing,2003-06-10 10:00,0,2522,94,1747,2,186,0,100,351,0,0,0,不包括7例死于其他疾病的非典型肺炎临床诊断病例。,,,
Beijing,2003-06-11 10:00,1,2523,74,1821,0,186,2,95,257,1,0,0,,,,
Beijing,2003-06-12 10:00,0,2523,55,1876,1,187,0,102,155,0,0,0,,,,
Beijing,2003-06-13 10:00,0,2522,68,1944,0,187,0,84,71,0,1,0,北京市排除原临床诊断病例1例。,,,
Beijing,2003-06-14 10:00,0,2522,50,1994,2,189,2,69,4,0,0,0,,,,
Beijing,2003-06-15 10:00,0,2522,21,2015,0,189,0,1,3,0,0,0,,,,
Beijing,2003-06-16 10:00,0,2521,38,2053,1,190,0,0,3,0,1,0,北京排除原诊断病例1例；,,,
Beijing,2003-06-17 10:00,0,2521,67,2120,0,190,2,0,5,0,0,0,,,,
Beijing,2003-06-18 10:00,0,2521,34,2154,1,191,0,1,4,0,0,0,,,,
Beijing,2003-06-19 10:00,0,2521,17,2171,0,191,0,1,3,0,0,0,经核实，北京临床诊断病例最后报告日期仍为6月11日。,,,
Beijing,2003-06-20 10:00,0,2521,18,2189,0,191,0,0,3,0,0,0,,,,
Beijing,2003-06-21 10:00,0,2521,42,2231,0,191,0,1,2,0,0,0,,,,
Beijing,2003-06-22 10:00,0,2521,26,2257,0,191,0,0,2,0,0,0,,,,
Beijing,2003-06-23 10:00,0,2521,20,2277,0,191,0,0,2,0,0,0,,,,
Beijing,2003-06-24 10:00,0,,3,2280,,,,,,,,,,,,
Beijing,2003-06-25 16:00,0,,3,2283,1,192,0,0,,,,,,,,
Beijing,2003-06-26 16:00,0,,5,2288,0,,,,,,,,,,,
Beijing,2003-06-28 16:00,0,,4,2292,0,,0,0,,,,,,,,
Beijing,2003-06-30 10:00,0,,3,2295,0,,0,0,,,,,,,,
Beijing,2003-07-04 10:00,0,,1,2296,0,,0,0,,,,,,,,
Beijing,2003-07-05 10:00,,,3,2299,,,,,,,,,,,,
Beijing,2003-07-08 10:00,,,2,2301,,,,,,,,,,,,
Beijing,2003-07-10 10:00,,,2,2303,,,,,,,,,,,,
Beijing,2003-07-12 10:00,,,1,2304,,,,,,,,,,,,
Beijing,2003-07-13 10:00,,,2,2306,,,,,,,,,,,,
Beijing,2003-07-27 10:00,,,,,1,193,,,,,,,,,,
Beijing,2003-07-30 10:00,,,1,2310,,,,,,,,,,,,
Beijing,2003-08-02 10:00,,,1,2311,,,,,,,,,,,,
Beijing,2003-08-13 10:00,,,1,2312,,,,,,,,,,,,
Beijing,2003-08-14 10:00,,,3,2315,,,,,,,,,,,,
Beijing,2003-08-15 10:00,,,3,2318,,,,,,,,,,,,
Beijing,2003-08-16 10:00,,,3,2321,,,,,,,,,,,,
Beijing,2003-07-15 10:00,,,1,2307,,,,,,,,,,,,
Beijing,2003-07-16 10:00,,,1,2308,,,,,,,,,,,,
Beijing,2003-07-17 10:00,,,1,2309,,,,,,,,,,,,
Chongqing,2003-04-21,,0,,0,,0,,,0,,,,,,,1
Chongqing,2003-04-22 20:00,,0,,0,,0,,,1,,,,,,,0
Chongqing,2003-04-23 20:00,,0,,0,,0,,,1,,,,,,,0
Chongqing,2003-04-24 20:00,0,0,0,0,0,0,1,,2,,,,,,0,0
Chongqing,2003-04-26 10:00,0,0,0,0,0,0,1,,3,,,,,,0,0
Chongqing,2003-04-27 10:00,0,0,0,0,0,0,0,,3,,,,,,0,0
Chongqing,2003-04-28 10:00,0,0,0,0,0,0,1,,4,,,,,,0,0
Chongqing,2003-04-29 10:00,0,0,0,0,0,0,2,,6,,,,,,0,0
Chongqing,2003-04-30 10:00,0,0,0,0,0,0,0,,6,,,,,,0,0
Chongqing,2003-05-01 10:00,0,0,0,0,0,0,0,0,6,0,0,0,,,0,0
Chongqing,2003-05-02 10:00,0,0,0,0,0,0,1,0,7,0,0,0,,,0,0
Chongqing,2003-05-03 10:00,0,0,0,0,0,0,0,0,7,0,0,0,,,0,0
Chongqing,2003-05-04 10:00,1,1,0,0,0,0,2,0,8,1,0,0,,,0,0
Chongqing,2003-05-05 10:00,0,1,0,0,0,0,0,0,8,0,0,0,,,0,0
Chongqing,2003-05-06 10:00,0,1,0,0,0,0,0,0,8,0,0,0,,,0,0
Chongqing,2003-05-07 10:00,2,3,0,0,0,0,1,0,7,2,0,0,,,0,0
Chongqing,2003-05-08 10:00,0,3,0,0,0,0,0,0,7,0,0,0,,,0,0
Chongqing,2003-05-09 10:00,0,3,0,0,0,0,0,0,7,0,0,0,,,0,0
Chongqing,2003-05-10 10:00,0,3,0,0,0,0,1,0,8,0,0,0,,,0,0
Chongqing,2003-05-11 10:00,0,3,0,0,0,0,1,0,9,0,0,0,,,0,0
Chongqing,2003-05-12 10:00,0,3,0,0,0,0,0,0,9,0,0,0,,,0,0
Chongqing,2003-05-13 10:00,0,3,0,0,0,0,0,0,9,0,0,0,,,0,0
Chongqing,2003-05-14 10:00,0,3,0,0,0,0,0,0,9,0,0,0,,,0,0
Chongqing,2003-05-15 10:00,0,3,0,0,0,0,0,0,9,0,0,0,,,0,0
Chongqing,2003-05-16 10:00,0,3,0,0,0,0,0,2,7,0,0,0,,,0,0
Chongqing,2003-05-17 10:00,0,3,0,0,0,0,0,0,7,0,0,0,,,0,0
Chongqing,2003-05-18 10:00,0,3,0,0,0,0,0,0,7,0,0,0,,,0,0
Chongqing,2003-05-19 10:00,0,3,0,0,0,0,0,0,7,0,0,0,,,0,0
Chongqing,2003-05-20 10:00,0,3,0,0,0,0,0,0,7,0,0,0,,,0,0
Chongqing,2003-05-21 10:00,0,3,0,0,0,0,0,3,4,0,0,0,,,0,0
Chongqing,2003-05-22 10:00,0,3,0,0,0,0,0,0,4,0,0,0,,,0,0
Chongqing,2003-05-23 10:00,0,3,0,0,0,0,0,0,4,0,0,0,,,0,0
Chongqing,2003-05-24 10:00,0,3,0,0,0,0,0,0,4,0,0,0,,,0,0
Chongqing,2003-05-25 10:00,0,3,0,0,0,0,0,0,4,0,0,0,,,0,0
Chongqing,2003-05-26 10:00,0,3,0,0,0,0,0,0,4,0,0,0,,,0,0
Chongqing,2003-05-27 10:00,0,3,0,0,0,0,0,0,4,0,0,0,,,0,0
Chongqing,2003-05-28 10:00,0,3,1,1,0,0,0,0,4,0,0,0,,,0,0
Chongqing,2003-05-29 10:00,0,3,0,1,0,0,0,0,4,0,0,0,,,0,0
Chongqing,2003-05-30 10:00,0,3,0,1,0,0,0,0,4,0,0,0,,,0,0
Chongqing,2003-05-31 10:00,0,3,0,1,0,0,0,2,2,0,0,0,,,0,0
Fujian,2003-04-15 12:00,,3,,0,,0,,,,,,,,,,
Fujian,2003-04-22 20:00,,3,,1,,0,,,0,,,,,,,0
Fujian,2003-04-23 20:00,,3,,1,,0,,,0,,,,,,,0
Fujian,2003-04-24 20:00,0,3,0,1,0,0,0,,0,,,,,,0,0
Fujian,2003-04-26 10:00,0,3,0,1,0,0,0,,0,,,,,,0,0
Fujian,2003-04-27 10:00,0,3,0,1,0,0,0,,0,,,,,,0,0
Fujian,2003-04-28 10:00,0,3,0,1,0,0,0,,0,,,,,,0,0
Fujian,2003-04-29 10:00,0,3,0,1,0,0,0,,0,,,,,,0,0
Fujian,2003-04-30 10:00,0,3,0,1,0,0,0,,0,,,,,,0,0
Fujian,2003-05-01 10:00,0,3,1,2,0,0,0,0,0,0,0,0,,,0,0
Fujian,2003-05-02 10:00,0,3,0,2,0,0,0,0,0,0,0,0,,,0,0
Fujian,2003-05-03 10:00,0,3,0,2,0,0,0,0,0,0,0,0,,,0,0
Fujian,2003-05-04 10:00,0,3,0,2,0,0,0,0,0,0,0,0,,,0,0
Fujian,2003-05-05 10:00,0,3,0,2,0,0,0,0,0,0,0,0,,,0,0
Fujian,2003-05-06 10:00,0,3,0,2,0,0,0,0,0,0,0,0,,,0,0
Fujian,2003-05-07 10:00,0,3,0,2,0,0,1,0,1,0,0,0,,,0,0
Fujian,2003-05-08 10:00,0,3,0,2,0,0,0,0,1,0,0,0,,,0,0
Fujian,2003-05-09 10:00,0,3,1,3,0,0,0,0,1,0,0,0,,,0,0
Fujian,2003-05-10 10:00,0,3,0,3,0,0,0,0,1,0,0,0,,,0,0
Fujian,2003-05-11 10:00,0,3,0,3,0,0,0,0,1,0,0,0,,,0,0
Fujian,2003-05-12 10:00,0,3,0,3,0,0,0,0,1,0,0,0,,,0,0
Fujian,2003-05-13 10:00,0,3,0,3,0,0,0,0,1,0,0,0,,,0,0
Fujian,2003-05-14 10:00,0,3,0,3,0,0,0,0,1,0,0,0,,,0,0
Fujian,2003-05-15 10:00,0,3,0,3,0,0,0,0,1,0,0,0,,,0,0
Fujian,2003-05-16 10:00,0,3,0,3,0,0,0,0,1,0,0,0,,,0,0
Fujian,2003-05-17 10:00,0,3,0,3,0,0,0,0,1,0,0,0,,,0,0
Fujian,2003-05-18 10:00,0,3,0,3,0,0,0,0,1,0,0,0,,,0,0
Fujian,2003-05-19 10:00,0,3,0,3,0,0,0,0,1,0,0,0,,,0,0
Fujian,2003-05-20 10:00,0,3,0,3,0,0,0,0,1,0,0,0,,,0,0
Fujian,2003-05-21 10:00,0,3,0,3,0,0,0,0,1,0,0,0,,,0,0
Fujian,2003-05-22 10:00,0,3,0,3,0,0,0,0,1,0,0,0,,,0,0
Fujian,2003-05-23 10:00,0,3,0,3,0,0,0,0,1,0,0,0,,,0,0
Fujian,2003-05-24 10:00,0,3,0,3,0,0,0,0,1,0,0,0,,,0,0
Fujian,2003-05-25 10:00,0,3,0,3,0,0,0,0,1,0,0,0,,,0,0
Fujian,2003-05-26 10:00,0,3,0,3,0,0,0,0,1,0,0,0,,,0,0
Fujian,2003-05-27 10:00,0,3,0,3,0,0,0,0,1,0,0,0,,,0,0
Fujian,2003-05-28 10:00,0,3,0,3,0,0,0,0,1,0,0,0,,,0,0
Fujian,2003-05-29 10:00,0,3,0,3,0,0,0,0,1,0,0,0,,,0,0
Fujian,2003-05-30 10:00,0,3,0,3,0,0,0,0,1,0,0,0,,,0,0
Fujian,2003-05-31 10:00,0,3,0,3,0,0,0,0,1,0,0,0,,,0,0
Gansu,2003-04-22 20:00,,2,,0,,0,,,2,,,,,,,0
Gansu,2003-04-23 20:00,,2,,0,,0,,,2,,,,,,,0
Gansu,2003-04-24 20:00,0,2,0,0,0,0,0,,2,,,,,,0,0
Gansu,2003-04-26 10:00,0,2,0,0,0,0,0,,2,,,,,,0,0
Gansu,2003-04-27 10:00,0,2,0,0,0,0,0,,2,,,,,,0,0
Gansu,2003-04-28 10:00,1,3,0,0,1,1,0,,2,,,,,,0,0
Gansu,2003-04-29 10:00,0,3,0,0,0,1,1,,3,,,,,,0,0
Gansu,2003-04-30 10:00,0,3,0,0,0,1,0,,3,,,,,,0,0
Gansu,2003-05-01 10:00,0,3,0,0,0,1,0,1,3,0,0,0,,,0,0
Gansu,2003-05-02 10:00,0,3,0,0,0,1,0,0,2,0,0,0,,,0,0
Gansu,2003-05-03 10:00,0,3,0,0,0,1,0,0,2,0,0,0,,,0,0
Gansu,2003-05-04 10:00,2,5,0,0,0,1,0,0,2,0,0,0,,,0,0
Gansu,2003-05-05 10:00,0,5,0,0,0,1,0,0,2,0,0,0,,,0,0
Gansu,2003-05-06 10:00,1,6,0,0,0,1,0,0,2,0,0,0,,,0,0
Gansu,2003-05-07 10:00,0,6,0,0,0,1,1,0,3,0,0,0,,,0,0
Gansu,2003-05-08 10:00,0,6,0,0,0,1,0,0,3,0,0,0,,,0,0
Gansu,2003-05-09 10:00,1,7,0,0,0,1,0,0,3,0,0,0,,,0,0
Gansu,2003-05-10 10:00,0,7,0,0,0,1,0,0,3,0,0,0,,,0,0
Gansu,2003-05-11 10:00,1,8,0,0,0,1,0,1,2,0,0,0,,,0,0
Gansu,2003-05-12 10:00,0,8,0,0,0,1,0,0,2,0,0,0,,,0,0
Gansu,2003-05-13 10:00,0,8,0,0,0,1,0,0,2,0,0,0,,,0,0
Gansu,2003-05-14 10:00,0,8,0,0,0,1,0,0,2,0,0,0,,,0,0
Gansu,2003-05-15 10:00,0,8,0,0,0,1,0,0,2,0,0,0,,,0,0
Gansu,2003-05-16 10:00,0,8,1,1,0,1,0,1,1,0,0,0,,,0,0
Gansu,2003-05-17 10:00,0,8,0,1,0,1,0,0,1,0,0,0,,,0,0
Gansu,2003-05-18 10:00,0,8,0,1,0,1,0,0,1,0,0,0,,,0,0
Gansu,2003-05-19 10:00,0,8,0,1,0,1,0,0,1,0,0,0,,,0,0
Gansu,2003-05-20 10:00,0,8,0,1,0,1,0,1,0,0,0,0,,,0,0
Gansu,2003-05-21 10:00,0,8,1,2,0,1,0,0,0,0,0,0,,,0,0
Gansu,2003-05-22 10:00,0,8,0,2,0,1,0,0,0,0,0,0,,,0,0
Gansu,2003-05-23 10:00,0,8,0,2,0,1,0,0,0,0,0,0,,,0,0
Gansu,2003-05-24 10:00,0,8,0,2,0,1,0,0,0,0,0,0,,,0,0
Gansu,2003-05-25 10:00,0,8,1,3,0,1,0,0,0,0,0,0,,,0,0
Gansu,2003-05-26 10:00,0,8,0,3,0,1,0,0,0,0,0,0,,,0,0
Gansu,2003-05-27 10:00,0,8,1,4,0,1,0,0,0,0,0,0,,,0,0
Gansu,2003-05-28 10:00,0,8,0,4,0,1,0,0,0,0,0,0,,,0,0
Gansu,2003-05-29 10:00,0,8,0,4,0,1,0,0,0,0,0,0,,,0,0
Gansu,2003-05-30 10:00,0,8,1,5,0,1,0,0,0,0,0,0,,,0,0
Gansu,2003-05-31 10:00,0,8,0,5,0,1,0,0,0,0,0,0,,,0,0
Guangdong,2003-03-31,,1153,,,,40,,,,,,,,,,
Guangdong,2003-04-06,,1203,,,,43,,,,,,,,,,
Guangdong,2003-04-09,,1213,,1004,,44,,,,,,,,,,
Guangdong,2003-04-15 12:00,,1273,,1063,,45,,,,,,,,,,
Guangdong,2003-04-21,,1317,,1136,,48,,,,,,,,,,329
Guangdong,2003-04-22 20:00,,1344,,1146,,49,,,83,,,,,,,337
Guangdong,2003-04-23 20:00,,1359,,1159,,49,,,102,,,,,,,341
Guangdong,2003-04-24 20:00,15,1374,14,1173,1,50,51,,127,,,,,,1,342
Guangdong,2003-04-26 10:00,5,1379,5,1178,1,51,61,,176,,,,,,0,342
Guangdong,2003-04-27 10:00,3,1382,7,1185,0,51,54,,202,,,,,,0,342
Guangdong,2003-04-28 10:00,13,1395,6,1191,0,51,51,,233,,,,,,0,342
Guangdong,2003-04-29 10:00,4,1399,10,1201,0,51,54,,277,,,,,,0,342
Guangdong,2003-04-30 10:00,6,1405,0,1201,0,51,33,,169,,,,,,0,342
Guangdong,2003-05-01 10:00,7,1412,5,1206,0,51,37,10,196,0,0,0,,,0,342
Guangdong,2003-05-02 10:00,9,1421,2,1208,0,51,71,0,267,0,0,0,,,1,343
Guangdong,2003-05-03 10:00,11,1432,25,1233,0,51,69,6,330,0,0,0,,,0,343
Guangdong,2003-05-04 10:00,9,1441,4,1237,0,51,61,56,326,9,0,0,,,0,343
Guangdong,2003-05-05 10:00,12,1453,8,1245,3,54,40,4,361,1,0,0,,,0,343
Guangdong,2003-05-06 10:00,12,1465,6,1251,1,55,50,18,389,4,0,0,,,1,344
Guangdong,2003-05-07 10:00,13,1478,5,1256,0,55,38,22,403,2,0,0,,,0,344
Guangdong,2003-05-08 10:00,7,1485,17,1273,1,56,53,31,419,6,0,0,,,0,344
Guangdong,2003-05-09 10:00,17,1502,15,1288,0,56,38,36,414,7,0,0,,,1,345
Guangdong,2003-05-10 10:00,2,1504,17,1305,0,56,41,31,422,2,0,0,,,0,345
Guangdong,2003-05-11 10:00,2,1506,9,1314,0,56,44,24,441,1,0,0,,,0,345
Guangdong,2003-05-12 10:00,3,1509,5,1319,0,56,23,37,426,1,0,0,,,0,345
Guangdong,2003-05-13 10:00,0,1509,3,1322,0,56,25,16,435,0,0,0,,,0,345
Guangdong,2003-05-14 10:00,1,1510,5,1327,0,56,15,34,415,1,0,0,,,0,345
Guangdong,2003-05-15 10:00,3,1513,15,1342,0,56,14,62,367,0,0,0,,,1,346
Guangdong,2003-05-16 10:00,2,1515,11,1353,0,56,10,57,320,0,0,0,,,0,346
Guangdong,2003-05-17 10:00,2,1514,2,1355,0,56,11,34,297,0,3,0,广东临床诊断病例转疑似病例3例。,,0,346
Guangdong,2003-05-18 10:00,0,1514,8,1363,0,56,17,57,257,0,0,0,,,0,346
Guangdong,2003-05-19 10:00,0,1514,25,1388,0,56,14,51,220,0,0,0,,,0,346
Guangdong,2003-05-20 10:00,0,1514,27,1415,0,56,9,56,173,0,0,0,,,0,346
Guangdong,2003-05-21 10:00,0,1513,4,1419,0,56,9,52,130,0,1,0,广东省排除原临床诊断病例1例。,,0,346
Guangdong,2003-05-22 10:00,0,1513,4,1423,1,57,8,26,112,0,0,0,,,0,346
Guangdong,2003-05-23 10:00,0,1513,5,1428,0,57,11,13,110,0,0,0,,,0,346
Guangdong,2003-05-24 10:00,0,1513,1,1429,0,57,11,18,103,0,0,0,,,0,346
Guangdong,2003-05-25 10:00,0,1513,3,1432,0,57,14,6,111,0,0,0,,,0,346
Guangdong,2003-05-26 10:00,0,1513,1,1433,0,57,5,7,109,0,0,0,,,0,346
Guangdong,2003-05-27 10:00,0,1512,1,1434,0,57,12,40,81,0,1,0,广东省排除原临床诊断病例1例。,,0,346
Guangdong,2003-05-28 10:00,0,1511,2,1436,0,57,2,22,61,0,1,0,广东排除原临床诊断病例1例。,,0,346
Guangdong,2003-05-29 10:00,0,1511,2,1438,0,57,2,12,51,0,0,0,,,0,346
Guangdong,2003-05-30 10:00,0,1511,1,1439,0,57,3,5,49,0,0,0,,,0,346
Guangdong,2003-05-31 10:00,0,1511,2,1441,0,57,4,14,39,0,0,0,,,0,346
Guangdong,2003-06-01 10:00,0,1511,1,1442,0,57,3,6,36,0,0,0,,,0,346
Guangdong,2003-06-02 10:00,0,1511,3,1445,0,57,1,5,32,0,0,0,,,0,346
Guangdong,2003-06-03 10:00,0,1511,0,1445,0,57,1,13,20,0,0,0,,,0,346
Guangdong,2003-06-04 10:00,0,1511,2,1447,0,57,1,4,17,0,0,0,,,0,346
Guangdong,2003-06-05 10:00,0,1511,0,1447,0,57,2,5,14,0,0,0,,,0,346
Guangdong,2003-06-25 16:00,1,1512,,,,,,,,1,,,,,,
Guangdong,2003-06-29 10:00,0,,1,,,,1,0,,,,,,,,
Guangdong,2003-07-02 10:00,0,,3,,,,1,0,,,,,,,,
Guangxi,2003-03-31,,11,,,,3,,,,,,,,,,
Guangxi,2003-04-06,,11,,,,3,,,,,,,,,,
Guangxi,2003-04-09,,12,,8,,3,,,,,,,,,,
Guangxi,2003-04-15 12:00,,12,,8,,3,,,,,,,,,,
Guangxi,2003-04-21,,14,,8,,3,,,1,,,,,,,0
Guangxi,2003-04-22 20:00,,15,,8,,3,,,2,,,,,,,0
Guangxi,2003-04-23 20:00,,16,,8,,3,,,2,,,,,,,0
Guangxi,2003-04-24 20:00,1,16,0,8,0,3,0,,2,,,,今天报告排除1例诊断病例，总数为16例,,0,0
Guangxi,2003-04-26 10:00,0,16,0,8,0,3,2,,4,,,,,,0,0
Guangxi,2003-04-27 10:00,0,16,0,8,0,3,1,,5,,,,,,0,0
Guangxi,2003-04-28 10:00,0,16,0,8,0,3,0,,5,,,,,,0,0
Guangxi,2003-04-29 10:00,1,17,0,8,0,3,0,,4,,,,,,0,0
Guangxi,2003-04-30 10:00,1,18,0,8,0,3,0,,2,,,,,,0,0
Guangxi,2003-05-01 10:00,0,18,0,8,0,3,0,0,2,0,0,0,,,0,0
Guangxi,2003-05-02 10:00,2,20,0,8,0,3,3,0,4,1,0,0,,,0,0
Guangxi,2003-05-03 10:00,0,20,0,8,0,3,0,1,3,0,0,0,,,0,0
Guangxi,2003-05-04 10:00,0,20,0,8,0,3,2,0,5,0,0,0,,,0,0
Guangxi,2003-05-05 10:00,0,20,0,8,0,3,0,1,4,0,0,0,,,0,0
Guangxi,2003-05-06 10:00,0,20,1,9,0,3,0,0,4,0,0,0,,,0,0
Guangxi,2003-05-07 10:00,0,20,0,9,0,3,0,0,4,0,0,0,,,0,0
Guangxi,2003-05-08 10:00,0,20,0,9,0,3,0,0,4,0,0,0,,,0,0
Guangxi,2003-05-09 10:00,0,20,0,9,0,3,0,1,3,0,0,0,,,0,0
Guangxi,2003-05-10 10:00,0,20,0,9,0,3,0,0,3,0,0,0,,,0,0
Guangxi,2003-05-11 10:00,0,20,0,9,0,3,0,0,3,0,0,0,,,0,0
Guangxi,2003-05-12 10:00,0,20,0,9,0,3,1,0,4,0,0,0,,,0,0
Guangxi,2003-05-13 10:00,0,20,0,9,0,3,0,0,4,0,0,0,,,0,0
Guangxi,2003-05-14 10:00,0,20,0,9,0,3,0,0,4,0,0,0,,,0,0
Guangxi,2003-05-15 10:00,0,20,0,9,0,3,0,0,4,0,0,0,,,0,0
Guangxi,2003-05-16 10:00,0,20,1,10,0,3,0,0,4,0,0,0,,,0,0
Guangxi,2003-05-17 10:00,1,21,2,12,0,3,1,0,5,0,0,0,,,0,0
Guangxi,2003-05-18 10:00,1,22,1,13,0,3,0,1,4,0,0,0,,,0,0
Guangxi,2003-05-19 10:00,0,22,0,13,0,3,0,0,4,0,0,0,,,0,0
Guangxi,2003-05-20 10:00,0,22,0,13,0,3,1,0,5,0,0,0,,,0,0
Guangxi,2003-05-21 10:00,0,22,0,13,0,3,0,0,5,0,0,0,,,0,0
Guangxi,2003-05-22 10:00,0,22,0,13,0,3,0,1,4,0,0,0,,,0,0
Guangxi,2003-05-23 10:00,0,22,0,13,0,3,0,1,3,0,0,0,,,0,0
Guangxi,2003-05-24 10:00,0,22,0,13,0,3,0,1,2,0,0,0,,,0,0
Guangxi,2003-05-25 10:00,0,22,0,13,0,3,0,1,1,0,0,0,,,0,0
Guangxi,2003-05-26 10:00,0,22,0,13,0,3,0,0,1,0,0,0,,,0,0
Guangxi,2003-05-27 10:00,0,22,0,13,0,3,0,0,1,0,0,0,,,0,0
Guangxi,2003-05-28 10:00,0,22,0,13,0,3,0,1,0,0,0,0,,,0,0
Guangxi,2003-05-29 10:00,0,22,0,13,0,3,0,0,0,0,0,0,,,0,0
Guangxi,2003-05-30 10:00,0,22,3,16,0,3,0,0,0,0,0,0,,,0,0
Guangxi,2003-05-31 10:00,0,22,0,16,0,3,0,0,0,0,0,0,,,0,0
Guangxi,2003-06-01 10:00,0,22,0,16,0,3,0,0,0,0,0,0,,,0,0
Guangxi,2003-06-02 10:00,0,22,1,17,0,3,0,0,0,0,0,0,,,0,0
Guangxi,2003-06-03 10:00,0,22,0,17,0,3,0,0,0,0,0,0,,,0,0
Guangxi,2003-06-04 10:00,0,22,0,17,0,3,0,0,0,0,0,0,,,0,0
Guangxi,2003-06-05 10:00,0,22,0,17,0,3,0,0,0,0,0,0,,,0,0
Guangxi,2003-06-06 10:00,0,22,0,17,0,3,0,0,0,0,0,0,,,0,0
Guizhou,2003-04-22 20:00,,0,,0,,0,,,1,,,,,,,0
Guizhou,2003-04-23 20:00,,0,,0,,0,,,0,,,,贵州原有1例疑似病例，今日被排除。,,,0
Henan,2003-04-21,,3,,0,,0,,,1,,,,,,,0
Henan,2003-04-22 20:00,,6,,0,,0,,,1,,,,,,,0
Henan,2003-04-23 20:00,,8,,0,,0,,,3,,,,,,,1
Henan,2003-04-24 20:00,1,9,0,0,0,0,1,,4,,,,,,0,1
Henan,2003-04-26 10:00,1,10,0,0,0,0,1,,4,,,,,,0,1
Henan,2003-04-27 10:00,0,10,0,0,0,0,3,,7,,,,,,0,1
Henan,2003-04-28 10:00,1,11,0,0,0,0,3,,10,,,,,,0,1
Henan,2003-04-29 10:00,1,12,0,0,0,0,3,,13,,,,,,0,1
Henan,2003-04-30 10:00,0,12,0,0,0,0,3,,16,,,,,,0,1
Henan,2003-05-01 10:00,1,13,0,0,0,0,2,0,18,0,0,0,,,0,1
Henan,2003-05-02 10:00,1,14,0,0,0,0,1,6,13,0,0,0,,,0,1
Henan,2003-05-03 10:00,0,14,0,0,0,0,1,0,14,0,0,0,,,0,1
Henan,2003-05-04 10:00,0,14,0,0,0,0,1,0,15,0,0,0,,,0,1
Henan,2003-05-05 10:00,0,14,1,1,0,0,1,1,15,0,0,0,,,0,1
Henan,2003-05-06 10:00,0,14,0,1,0,0,0,1,14,0,0,0,,,0,1
Henan,2003-05-07 10:00,1,15,0,1,0,0,1,0,15,0,0,0,,,0,1
Henan,2003-05-08 10:00,0,15,1,2,0,0,0,1,14,0,0,0,,,0,1
Henan,2003-05-09 10:00,0,15,1,3,0,0,0,0,14,0,0,0,,,0,1
Henan,2003-05-10 10:00,0,15,0,3,0,0,1,2,13,0,0,0,,,0,1
Henan,2003-05-11 10:00,0,15,1,4,0,0,1,0,14,0,0,0,,,0,1
Henan,2003-05-12 10:00,0,15,1,5,0,0,0,0,14,0,0,0,,,0,1
Henan,2003-05-13 10:00,0,15,0,5,0,0,0,0,14,0,0,0,,,0,1
Henan,2003-05-14 10:00,0,15,0,5,0,0,0,1,13,0,0,0,,,0,1
Henan,2003-05-15 10:00,0,15,0,5,0,0,0,3,10,0,0,0,,,0,1
Henan,2003-05-16 10:00,0,15,0,5,0,0,0,1,9,0,0,0,,,0,1
Henan,2003-05-17 10:00,0,15,0,5,0,0,1,0,10,0,0,0,,,0,1
Henan,2003-05-18 10:00,0,15,0,5,0,0,1,0,11,0,0,0,,,0,1
Henan,2003-05-19 10:00,0,15,0,5,0,0,0,4,7,0,0,0,,,0,1
Henan,2003-05-20 10:00,0,15,0,5,0,0,1,1,7,0,0,0,,,0,1
Henan,2003-05-21 10:00,0,15,0,5,0,0,0,0,7,0,0,0,,,0,1
Henan,2003-05-22 10:00,0,15,1,6,0,0,0,1,6,0,0,0,,,0,1
Henan,2003-05-23 10:00,0,15,1,7,0,0,0,1,5,0,0,0,,,0,1
Henan,2003-05-24 10:00,0,15,0,7,0,0,0,0,5,0,0,0,,,0,1
Henan,2003-05-25 10:00,0,15,0,7,0,0,0,1,4,0,0,0,,,0,1
Henan,2003-05-26 10:00,0,15,0,7,0,0,1,0,5,0,0,0,,,0,1
Henan,2003-05-27 10:00,0,15,0,7,0,0,0,1,4,0,0,0,,,0,1
Henan,2003-05-28 10:00,0,15,1,8,0,0,0,1,3,0,0,0,,,0,1
Henan,2003-05-29 10:00,0,15,1,9,0,0,0,0,3,0,0,0,,,0,1
Henan,2003-05-30 10:00,0,15,1,10,0,0,0,0,3,0,0,0,,,0,1
Henan,2003-05-31 10:00,0,15,1,11,0,0,0,0,3,0,0,0,,,0,1
Hebei,2003-04-21,,0,,0,,0,,,7,,,,,,,0
Hebei,2003-04-22 20:00,,6,,0,,0,,,5,,,,,,,0
Hebei,2003-04-23 20:00,,6,,0,,0,,,11,,,,,,,1
Hebei,2003-04-24 20:00,12,18,0,0,0,0,15,,22,,,,原诊断病例中1人经核实不是医务人员，新增5例，故总数为5名,,5,5
Hebei,2003-04-26 10:00,3,21,0,0,0,0,9,,31,,,,,,0,5
Hebei,2003-04-27 10:00,6,27,0,0,0,0,16,,45,,,,,,1,6
Hebei,2003-04-28 10:00,3,30,0,0,3,3,8,,51,,,,河北死亡新增3例为昨日数据，今日补记。,,0,6
Hebei,2003-04-29 10:00,9,39,0,0,1,4,12,,57,,,,,,1,7
Hebei,2003-04-30 10:00,9,48,0,0,0,4,19,,67,,,,,,0,7
Hebei,2003-05-01 10:00,8,56,0,0,0,4,30,5,92,0,0,0,,,0,7
Hebei,2003-05-02 10:00,14,70,0,0,0,4,11,1,98,4,0,0,,,1,8
Hebei,2003-05-03 10:00,9,79,0,0,0,4,8,0,100,6,0,0,,,1,9
Hebei,2003-05-04 10:00,19,98,0,0,2,6,8,0,99,9,0,0,,,1,10
Hebei,2003-05-05 10:00,9,107,1,1,0,6,21,7,106,6,0,0,河北剔除原重报疑似病例1例。,,1,11
Hebei,2003-05-06 10:00,6,113,2,3,0,6,10,4,110,2,0,0,,,2,13
Hebei,2003-05-07 10:00,21,134,2,5,0,6,11,3,106,12,0,0,,,2,15
Hebei,2003-05-08 10:00,13,147,5,9,0,6,11,0,110,7,0,0,河北剔除原重报治愈出院1例。,,0,15
Hebei,2003-05-09 10:00,9,156,2,11,2,8,6,3,109,4,0,0,,,0,15
Hebei,2003-05-10 10:00,1,157,0,11,0,8,13,1,121,0,0,0,,,0,15
Hebei,2003-05-11 10:00,9,166,2,13,0,8,4,3,117,5,0,0,,,0,15
Hebei,2003-05-12 10:00,11,177,8,21,0,8,6,3,109,11,0,0,,,1,16
Hebei,2003-05-13 10:00,14,191,1,22,0,8,6,2,103,10,0,0,,,0,16
Hebei,2003-05-14 10:00,3,194,5,27,0,8,10,1,109,3,0,0,,,2,18
Hebei,2003-05-15 10:00,6,200,5,32,1,9,7,14,97,5,0,0,,,0,18
Hebei,2003-05-16 10:00,2,202,3,35,1,10,10,2,103,2,0,0,,,0,18
Hebei,2003-05-17 10:00,0,202,8,43,0,10,5,0,108,0,0,0,,,0,18
Hebei,2003-05-18 10:00,8,210,14,57,0,10,7,9,98,8,0,0,,,4,22
Hebei,2003-05-19 10:00,4,214,6,63,1,11,12,0,109,1,0,0,,,0,22
Hebei,2003-05-20 10:00,3,217,16,79,0,11,1,5,102,3,0,0,,,0,22
Hebei,2003-05-21 10:00,4,221,9,88,0,11,1,6,93,4,0,0,,,1,23
Hebei,2003-05-22 10:00,6,227,9,97,0,11,1,1,90,3,1,1,河北剔除医务人员1例。,,0,22
Hebei,2003-05-23 10:00,1,228,11,108,0,11,5,24,70,1,2,0,河北当日排除疑似病例2例，其余22例为回顾性排除。,,1,23
Hebei,2003-05-24 10:00,1,223,7,115,0,11,2,11,60,1,6,0,河北排除原临床诊断病例6例（其中2例转疑似病例）。,,0,23
Hebei,2003-05-25 10:00,1,222,5,120,0,11,2,14,47,1,2,0,河北排除原临床诊断病例2例。,,0,23
Hebei,2003-05-26 10:00,0,216,13,133,0,11,1,7,41,0,6,1,河北排除原临床诊断病例5例（其中医务人员1例，转疑似病例1例），另剔除与外省重报临床诊断病例1例。,,0,22
Hebei,2003-05-27 10:00,0,216,1,134,0,11,1,14,28,0,0,0,,,0,22
Hebei,2003-05-28 10:00,1,216,3,137,0,11,0,3,24,1,1,0,河北排除原临床诊断病例1例。,,0,22
Hebei,2003-05-29 10:00,0,216,3,140,1,12,1,3,22,0,0,0,,,0,22
Hebei,2003-05-30 10:00,1,216,6,146,0,12,0,8,13,1,1,0,河北排除原临床诊断病例1例。,,0,22
Hebei,2003-05-31 10:00,0,215,6,152,0,12,0,3,10,0,1,0,河北排除原临床诊断病例1例。,,0,22
Hebei,2003-06-01 10:00,1,216,3,155,0,12,0,4,6,1,0,0,河北补报临床诊断病例1例(由已排除的原疑似病例确诊)。,,1,23
Hebei,2003-06-02 10:00,0,216,4,159,0,12,0,1,5,0,0,0,,,0,23
Hebei,2003-06-03 10:00,0,216,10,169,0,12,0,4,1,0,0,0,,,0,23
Hebei,2003-06-04 10:00,0,216,10,179,0,12,0,1,0,0,0,0,,,0,23
Hebei,2003-06-05 10:00,0,216,3,182,0,12,0,0,0,0,0,0,,,0,23
Hebei,2003-06-06 10:00,0,215,4,186,0,12,0,0,0,0,1,0,河北省排除原临床诊断病例1例。,,0,23
Hebei,2003-06-07 10:00,0,215,5,191,0,12,0,0,0,0,0,0,,,0,23
Hebei,2003-06-08 10:00,0,215,6,197,0,12,0,0,0,0,0,0,,,,
Hebei,2003-06-09 10:00,0,215,1,198,0,12,0,0,0,0,0,0,,,,
Hebei,2003-06-10 10:00,0,215,1,199,0,12,0,0,0,0,0,0,,,,
Hebei,2003-06-11 10:00,0,215,1,200,0,12,0,0,0,0,0,0,,,,
Hebei,2003-06-12 10:00,0,215,2,202,0,12,0,0,0,0,0,0,,,,
Hebei,2003-06-13 10:00,0,215,0,202,0,12,0,0,0,0,0,0,,,,
Heilongjiang,2003-04-26 10:00,0,0,0,0,0,0,1,,1,,,,,,0,0
Heilongjiang,2003-04-27 10:00,0,0,0,0,0,0,0,,1,,,,,,0,0
Heilongjiang,2003-04-28 10:00,0,0,0,0,0,0,1,,2,,,,,,0,0
Heilongjiang,2003-04-29 10:00,0,0,0,0,0,0,0,,2,,,,,,0,0
Heilongjiang,2003-04-30 10:00,0,0,0,0,0,0,0,,2,,,,,,0,0
Heilongjiang,2003-05-01 10:00,0,0,0,0,0,0,1,0,3,0,0,0,,,0,0
Heilongjiang,2003-05-02 10:00,0,0,0,0,0,0,0,0,3,0,0,0,,,0,0
Heilongjiang,2003-05-03 10:00,0,0,0,0,0,0,0,0,3,0,0,0,,,0,0
Heilongjiang,2003-05-04 10:00,0,0,0,0,0,0,1,0,4,0,0,0,,,0,0
Heilongjiang,2003-05-05 10:00,0,0,0,0,0,0,0,0,4,0,0,0,,,0,0
Heilongjiang,2003-05-06 10:00,0,0,0,0,0,0,0,0,4,0,0,0,,,0,0
Heilongjiang,2003-05-07 10:00,0,0,0,0,0,0,0,0,4,0,0,0,,,0,0
Heilongjiang,2003-05-08 10:00,0,0,0,0,0,0,0,0,4,0,0,0,,,0,0
Heilongjiang,2003-05-09 10:00,0,0,0,0,0,0,0,0,4,0,0,0,,,0,0
Heilongjiang,2003-05-10 10:00,0,0,0,0,0,0,0,0,4,0,0,0,,,0,0
Heilongjiang,2003-05-11 10:00,0,0,0,0,0,0,0,0,4,0,0,0,,,0,0
Heilongjiang,2003-05-12 10:00,0,0,0,0,0,0,0,0,4,0,0,0,,,0,0
Heilongjiang,2003-05-13 10:00,0,0,0,0,0,0,0,0,4,0,0,0,,,0,0
Heilongjiang,2003-05-14 10:00,0,0,0,0,0,0,0,0,4,0,0,0,,,0,0
Heilongjiang,2003-05-15 10:00,0,0,0,0,0,0,0,0,4,0,0,0,,,0,0
Heilongjiang,2003-05-16 10:00,0,0,0,0,0,0,0,0,4,0,0,0,,,0,0
Heilongjiang,2003-05-17 10:00,0,0,0,0,0,0,0,0,4,0,0,0,,,0,0
Heilongjiang,2003-05-18 10:00,0,0,0,0,0,0,0,0,4,0,0,0,,,0,0
Heilongjiang,2003-05-19 10:00,0,0,0,0,0,0,0,0,4,0,0,0,,,0,0
Heilongjiang,2003-05-20 10:00,0,0,0,0,0,0,0,0,4,0,0,0,,,0,0
Heilongjiang,2003-05-21 10:00,0,0,0,0,0,0,0,0,4,0,0,0,,,0,0
Heilongjiang,2003-05-22 10:00,0,0,0,0,0,0,0,0,4,0,0,0,,,0,0
Heilongjiang,2003-05-23 10:00,0,0,0,0,0,0,0,0,4,0,0,0,,,0,0
Heilongjiang,2003-05-24 10:00,0,0,0,0,0,0,0,0,4,0,0,0,,,0,0
Heilongjiang,2003-05-25 10:00,0,0,0,0,0,0,0,0,4,0,0,0,,,0,0
Heilongjiang,2003-05-26 10:00,0,0,0,0,0,0,0,0,4,0,0,0,,,0,0
Heilongjiang,2003-05-27 10:00,0,0,0,0,0,0,0,0,4,0,0,0,,,0,0
Heilongjiang,2003-05-28 10:00,0,0,0,0,0,0,0,0,4,0,0,0,,,0,0
Heilongjiang,2003-05-29 10:00,0,0,0,0,0,0,0,2,2,0,0,0,,,0,0
Heilongjiang,2003-05-30 10:00,0,0,0,0,0,0,0,0,2,0,0,0,,,0,0
Heilongjiang,2003-05-31 10:00,0,0,0,0,0,0,0,0,2,0,0,0,,,0,0
Hunan,2003-03-31,,7,,,,0,,,,,,,,,,
Hunan,2003-04-06,,6,,,,1,,,,,,,,,,
Hunan,2003-04-09,,6,,5,,1,,,,,,,,,,
Hunan,2003-04-15 12:00,,6,,5,,1,,,,,,,,,,
Hunan,2003-04-21,,6,,5,,1,,,1,,,,,,,0
Hunan,2003-04-22 20:00,,6,,5,,1,,,2,,,,,,,0
Hunan,2003-04-23 20:00,,6,,5,,1,,,1,,,,,,,0
Hunan,2003-04-24 20:00,0,6,0,5,0,1,1,,2,,,,,,0,0
Hunan,2003-04-26 10:00,0,6,0,5,0,1,0,,2,,,,,,0,0
Hunan,2003-04-27 10:00,0,6,0,5,0,1,0,,2,,,,,,0,0
Hunan,2003-04-28 10:00,0,6,0,5,0,1,1,,3,,,,,,0,0
Hunan,2003-04-29 10:00,0,6,0,5,0,1,1,,4,,,,,,0,0
Hunan,2003-04-30 10:00,0,6,0,5,0,1,0,,4,,,,,,0,0
Hunan,2003-05-01 10:00,0,6,0,5,0,1,0,0,4,0,0,0,,,0,0
Hunan,2003-05-02 10:00,0,6,0,5,0,1,1,0,5,0,0,0,,,0,0
Hunan,2003-05-03 10:00,0,6,0,5,0,1,1,1,5,0,0,0,,,0,0
Hunan,2003-05-04 10:00,0,6,0,5,0,1,0,0,5,0,0,0,,,0,0
Hunan,2003-05-05 10:00,0,6,0,5,0,1,0,0,5,0,0,0,,,0,0
Hunan,2003-05-06 10:00,0,6,0,5,0,1,0,1,4,0,0,0,,,0,0
Hunan,2003-05-07 10:00,0,6,0,5,0,1,0,1,3,0,0,0,,,0,0
Hunan,2003-05-08 10:00,0,6,0,5,0,1,0,0,3,0,0,0,,,0,0
Hunan,2003-05-09 10:00,0,6,0,5,0,1,0,0,3,0,0,0,,,0,0
Hunan,2003-05-10 10:00,0,6,0,5,0,1,0,1,2,0,0,0,,,0,0
Hunan,2003-05-11 10:00,0,6,0,5,0,1,0,0,2,0,0,0,,,0,0
Hunan,2003-05-12 10:00,0,6,0,5,0,1,0,0,2,0,0,0,,,0,0
Hunan,2003-05-13 10:00,0,6,0,5,0,1,0,0,2,0,0,0,,,0,0
Hunan,2003-05-14 10:00,0,6,0,5,0,1,0,0,2,0,0,0,,,0,0
Hunan,2003-05-15 10:00,0,6,0,5,0,1,0,0,2,0,0,0,,,0,0
Hunan,2003-05-16 10:00,0,6,0,5,0,1,0,0,2,0,0,0,,,0,0
Hunan,2003-05-17 10:00,0,6,0,5,0,1,0,0,2,0,0,0,,,0,0
Hunan,2003-05-18 10:00,0,6,0,5,0,1,0,0,2,0,0,0,,,0,0
Hunan,2003-05-19 10:00,0,6,0,5,0,1,0,0,2,0,0,0,,,0,0
Hunan,2003-05-20 10:00,0,6,0,5,0,1,0,0,2,0,0,0,,,0,0
Hunan,2003-05-21 10:00,0,6,0,5,0,1,0,0,2,0,0,0,,,0,0
Hunan,2003-05-22 10:00,0,6,0,5,0,1,0,0,2,0,0,0,,,0,0
Hunan,2003-05-23 10:00,0,6,0,5,0,1,0,0,2,0,0,0,,,0,0
Hunan,2003-05-24 10:00,0,6,0,5,0,1,0,0,2,0,0,0,,,0,0
Hunan,2003-05-25 10:00,0,6,0,5,0,1,0,0,2,0,0,0,,,0,0
Hunan,2003-05-26 10:00,0,6,0,5,0,1,0,0,2,0,0,0,,,0,0
Hunan,2003-05-27 10:00,0,6,0,5,0,1,0,0,2,0,0,0,,,0,0
Hunan,2003-05-28 10:00,0,6,0,5,0,1,0,0,2,0,0,0,,,0,0
Hunan,2003-05-29 10:00,0,6,0,5,0,1,0,0,2,0,0,0,,,0,0
Hunan,2003-05-30 10:00,0,6,0,5,0,1,0,0,2,0,0,0,,,0,0
Hunan,2003-05-31 10:00,0,6,0,5,0,1,0,1,1,0,0,0,,,0,0
Hubei,2003-04-22 20:00,,1,,0,,0,,,7,,,,,,,0
Hubei,2003-04-23 20:00,,1,,0,,0,,,10,,,,,,,1
Hubei,2003-04-24 20:00,0,1,0,0,0,0,1,,10,,,,,,0,1
Hubei,2003-04-26 10:00,1,2,0,0,0,0,3,,11,,,,,,0,1
Hubei,2003-04-27 10:00,0,2,0,0,0,0,2,,13,,,,,,0,1
Hubei,2003-04-28 10:00,1,3,0,0,0,0,2,,14,,,,,,0,1
Hubei,2003-04-29 10:00,0,3,0,0,0,0,2,,15,,,,,,0,1
Hubei,2003-04-30 10:00,0,3,0,0,0,0,0,,15,,,,,,0,1
Hubei,2003-05-01 10:00,0,3,0,0,0,0,3,2,16,0,0,0,,,0,1
Hubei,2003-05-02 10:00,1,4,0,0,0,0,1,3,13,1,0,0,,,0,1
Hubei,2003-05-03 10:00,0,4,0,0,0,0,0,0,13,0,0,0,,,0,1
Hubei,2003-05-04 10:00,0,4,0,0,0,0,1,0,14,0,0,0,,,0,1
Hubei,2003-05-05 10:00,0,4,0,0,0,0,0,0,14,0,0,0,,,0,1
Hubei,2003-05-06 10:00,2,6,0,0,0,0,2,0,15,1,0,0,,,0,1
Hubei,2003-05-07 10:00,0,6,0,0,0,0,0,1,14,0,0,0,,,0,1
Hubei,2003-05-08 10:00,0,6,0,0,0,0,1,1,14,0,0,0,,,0,1
Hubei,2003-05-09 10:00,0,6,0,0,0,0,1,0,15,0,0,0,,,0,1
Hubei,2003-05-10 10:00,0,6,0,0,0,0,0,0,15,0,0,0,,,0,1
Hubei,2003-05-11 10:00,0,6,0,0,0,0,0,1,14,0,0,0,,,0,1
Hubei,2003-05-12 10:00,0,6,0,0,0,0,0,0,14,0,0,0,,,0,1
Hubei,2003-05-13 10:00,0,6,0,0,0,0,0,0,14,0,0,0,,,0,1
Hubei,2003-05-14 10:00,0,6,0,0,0,0,1,0,15,0,0,0,,,0,1
Hubei,2003-05-15 10:00,0,6,0,0,0,0,0,0,15,0,0,0,,,0,1
Hubei,2003-05-16 10:00,0,6,0,0,0,0,0,0,15,0,0,0,,,0,1
Hubei,2003-05-17 10:00,0,6,0,0,0,0,2,0,17,0,0,0,,,0,1
Hubei,2003-05-18 10:00,0,6,0,0,0,0,0,0,17,0,0,0,,,0,1
Hubei,2003-05-19 10:00,1,7,0,0,0,0,0,0,16,1,0,0,,,0,1
Hubei,2003-05-20 10:00,0,7,0,0,0,0,2,1,17,0,0,0,,,0,1
Hubei,2003-05-21 10:00,0,7,0,0,0,0,0,0,17,0,0,0,,,0,1
Hubei,2003-05-22 10:00,0,7,1,1,0,0,0,0,17,0,0,0,,,0,1
Hubei,2003-05-23 10:00,0,7,2,3,0,0,0,0,17,0,0,0,,,0,1
Hubei,2003-05-24 10:00,0,7,0,3,0,0,0,2,15,0,0,0,,,0,1
Hubei,2003-05-25 10:00,0,7,1,4,1,1,1,1,15,0,0,0,,,0,1
Hubei,2003-05-26 10:00,0,7,0,4,0,1,0,3,12,0,0,0,,,0,1
Hubei,2003-05-27 10:00,0,7,0,4,0,1,1,1,12,0,0,0,,,0,1
Hubei,2003-05-28 10:00,0,7,0,4,0,1,1,0,13,0,0,0,,,0,1
Hubei,2003-05-29 10:00,0,7,0,4,0,1,0,1,12,0,0,0,,,0,1
Hubei,2003-05-30 10:00,0,7,0,4,0,1,0,2,10,0,0,0,,,0,1
Hubei,2003-05-31 10:00,0,7,0,4,0,1,0,2,8,0,0,0,,,0,1
Hubei,2003-06-01 10:00,0,7,0,4,0,1,0,1,7,0,0,0,,,0,1
Hubei,2003-06-02 10:00,0,7,1,5,0,1,0,0,7,0,0,0,,,0,1
Hubei,2003-06-03 10:00,0,7,0,5,0,1,0,2,5,0,0,0,,,0,1
Hubei,2003-06-04 10:00,0,7,0,5,0,1,0,0,5,0,0,0,,,0,1
Hubei,2003-06-05 10:00,0,7,0,5,0,1,0,0,5,0,0,0,,,0,1
Hubei,2003-06-06 10:00,0,7,0,5,0,1,0,0,5,0,0,0,,,0,1
Hubei,2003-06-07 10:00,0,7,1,6,0,1,0,2,3,0,0,0,,,0,1
Inner Mongolia,2003-04-15 12:00,,17,,0,,3,,,,,,,,,,
Inner Mongolia,2003-04-21,,30,,0,,6,,,48,,,,,,,4
Inner Mongolia,2003-04-22 20:00,,36,,0,,6,,,80,,,,,,,5
Inner Mongolia,2003-04-23 20:00,,47,,0,,6,,,101,,,,,,,6
Inner Mongolia,2003-04-24 20:00,23,70,0,0,0,6,31,,128,,,,,,5,11
Inner Mongolia,2003-04-26 10:00,4,74,0,0,0,6,18,,144,,,,内蒙古昨日有2例医务人员未统计，故今日医务人员数为13例。,,0,13
Inner Mongolia,2003-04-27 10:00,2,76,0,0,0,6,19,,162,,,,,,0,13
Inner Mongolia,2003-04-28 10:00,38,114,0,0,1,7,24,,186,,,,,,1,14
Inner Mongolia,2003-04-29 10:00,7,120,0,0,1,8,30,,208,,,,内蒙古昨日重报1例，今日剔除。,,2,16
Inner Mongolia,2003-04-30 10:00,7,127,0,2,1,9,19,,220,,,,内蒙古补报既往出院2例。,,0,16
Inner Mongolia,2003-05-01 10:00,27,154,0,2,2,11,25,21,224,0,0,0,,,4,20
Inner Mongolia,2003-05-02 10:00,26,180,3,5,2,13,23,9,218,20,0,0,,,2,22
Inner Mongolia,2003-05-03 10:00,10,190,1,6,1,14,13,13,208,10,0,0,,,0,22
Inner Mongolia,2003-05-04 10:00,35,225,0,6,0,14,14,5,192,25,0,0,内蒙古增加原疑似病例转确诊医务人员5例。,,2,29
Inner Mongolia,2003-05-05 10:00,6,230,4,10,0,14,15,4,200,4,1,0,内蒙古剔除原重报临床诊断病例1例，恢复疑似病例1例。,,2,31
Inner Mongolia,2003-05-06 10:00,21,251,0,10,0,14,9,3,188,18,0,0,,,5,36
Inner Mongolia,2003-05-07 10:00,7,258,3,13,2,16,17,5,197,2,0,0,内蒙古排除原临床诊断病例1例，订正原疑似病例为临床诊断病例1例。,,2,38
Inner Mongolia,2003-05-08 10:00,9,266,0,13,0,16,13,5,198,7,1,0,内蒙古排除原临床诊断病例1例。,,1,39
Inner Mongolia,2003-05-09 10:00,20,284,3,16,1,17,10,5,193,10,2,0,内蒙古排除原临床诊断病例2例。,,3,42
Inner Mongolia,2003-05-10 10:00,6,289,2,18,0,17,7,12,182,6,1,0,内蒙古排除原临床诊断病例1例。,,1,43
Inner Mongolia,2003-05-11 10:00,0,288,2,20,1,18,7,3,186,0,1,1,内蒙古排除原临床诊断病例1例（为医务人员）。,,0,42
Inner Mongolia,2003-05-12 10:00,1,288,1,21,2,20,0,8,177,1,1,0,内蒙古排除原临床诊断病例1例。,,0,42
Inner Mongolia,2003-05-13 10:00,0,288,2,23,3,23,3,9,171,0,0,0,,,0,42
Inner Mongolia,2003-05-14 10:00,0,288,0,23,0,23,1,1,171,0,0,0,,,0,42
Inner Mongolia,2003-05-15 10:00,4,288,0,23,1,24,8,2,173,4,4,0,内蒙古排除原临床诊断病例4例（均转为疑似病例，医务人员1例）。,,0,41
Inner Mongolia,2003-05-16 10:00,0,288,13,36,0,24,3,4,172,0,0,0,,,0,41
Inner Mongolia,2003-05-17 10:00,2,290,4,40,1,25,4,7,167,2,0,0,,,1,42
Inner Mongolia,2003-05-18 10:00,0,289,1,41,0,25,5,4,168,0,1,0,内蒙古排除原临床诊断病例1例。,,0,42
Inner Mongolia,2003-05-19 10:00,0,286,11,52,0,25,5,7,166,0,3,1,内蒙古排除原临床诊断病例3例（其中医务人员1例）。,,0,41
Inner Mongolia,2003-05-20 10:00,1,287,4,56,0,25,1,6,159,1,0,0,内蒙古剔除原重报疑似病例1例。,,0,41
Inner Mongolia,2003-05-21 10:00,0,285,2,58,0,25,1,8,152,0,2,1,内蒙古排除原临床诊断病例2例（其中医务人员1例）。,,0,40
Inner Mongolia,2003-05-22 10:00,1,285,3,61,0,25,1,15,137,1,1,0,内蒙古排除原临床诊断病例1例。,,0,40
Inner Mongolia,2003-05-23 10:00,1,286,6,67,0,25,2,8,130,1,0,0,,,0,40
Inner Mongolia,2003-05-24 10:00,2,286,8,75,1,26,1,8,121,2,2,0,内蒙古排除原临床诊断病例2例。,,0,40
Inner Mongolia,2003-05-25 10:00,2,286,5,80,1,27,0,4,115,2,2,1,内蒙古排除原临床诊断病例2例（其中医务人员1例）。,,2,41
Inner Mongolia,2003-05-26 10:00,2,286,17,97,1,28,0,8,105,2,2,0,内蒙古排除原临床诊断病例2例。,,0,41
Inner Mongolia,2003-05-27 10:00,0,285,13,110,0,28,0,3,102,0,1,0,内蒙古排除原临床诊断病例1例。,,0,41
Inner Mongolia,2003-05-28 10:00,0,285,17,127,0,28,0,12,90,0,0,0,,,0,41
Inner Mongolia,2003-05-29 10:00,0,284,4,131,0,28,0,8,82,0,1,0,内蒙古排除原临床诊断病例1例。,,0,41
Inner Mongolia,2003-05-30 10:00,0,284,10,141,0,28,0,4,78,0,0,0,,,0,41
Inner Mongolia,2003-05-31 10:00,0,284,15,156,0,28,0,5,73,0,0,0,,,0,41
Inner Mongolia,2003-06-01 10:00,0,284,9,165,0,28,0,2,71,0,0,0,,,0,41
Inner Mongolia,2003-06-02 10:00,0,284,1,166,1,29,0,1,70,0,0,0,,,0,41
Inner Mongolia,2003-06-03 10:00,0,284,5,171,0,29,0,3,67,0,0,0,,,0,41
Inner Mongolia,2003-06-04 10:00,0,284,9,180,0,29,0,7,60,0,0,0,,,0,41
Inner Mongolia,2003-06-05 10:00,0,284,10,190,0,29,0,4,56,0,0,0,,,0,41
Inner Mongolia,2003-06-06 10:00,0,284,6,196,0,29,0,13,43,0,0,0,,,0,41
Inner Mongolia,2003-06-07 10:00,0,284,11,207,0,29,0,11,32,0,0,0,,,0,41
Inner Mongolia,2003-06-08 10:00,0,283,10,216,0,29,0,12,20,0,1,0,内蒙古排除1例临床诊断病例。,,,
Inner Mongolia,2003-06-09 10:00,0,283,8,224,0,29,0,2,18,0,0,0,,,,
Inner Mongolia,2003-06-10 10:00,0,283,7,231,0,29,0,7,11,0,0,0,,,,
Inner Mongolia,2003-06-11 10:00,0,283,13,244,0,29,0,3,8,0,0,0,,,,
Inner Mongolia,2003-06-12 10:00,0,282,1,245,0,28,0,0,8,0,1,0,内蒙古排除原临床诊断病例（已死亡）1例，并更正死亡人数；,,,
Inner Mongolia,2003-06-13 10:00,0,282,0,245,0,28,0,0,8,0,0,0,,,,
Jiangsu,2003-04-22 20:00,,0,,0,,0,,,1,,,,,,,0
Jiangsu,2003-04-23 20:00,,0,,0,,0,,,2,,,,,,,0
Jiangsu,2003-04-24 20:00,0,0,0,0,0,0,0,,2,,,,,,0,0
Jiangsu,2003-04-26 10:00,0,0,0,0,0,0,0,,2,,,,,,0,0
Jiangsu,2003-04-27 10:00,0,0,0,0,0,0,1,,3,,,,,,0,0
Jiangsu,2003-04-28 10:00,0,0,0,0,0,0,0,,3,,,,,,0,0
Jiangsu,2003-04-29 10:00,0,0,0,0,0,0,1,,4,,,,,,0,0
Jiangsu,2003-04-30 10:00,1,1,0,0,0,0,0,,3,,,,,,0,0
Jiangsu,2003-05-01 10:00,0,1,0,0,0,0,2,0,5,0,0,0,,,0,0
Jiangsu,2003-05-02 10:00,3,4,0,0,0,0,1,0,4,2,0,0,,,0,0
Jiangsu,2003-05-03 10:00,0,4,0,0,0,0,4,0,8,0,0,0,,,0,0
Jiangsu,2003-05-04 10:00,0,4,0,0,0,0,2,0,10,0,0,0,,,0,0
Jiangsu,2003-05-05 10:00,0,4,0,0,0,0,1,0,11,0,0,0,,,0,0
Jiangsu,2003-05-06 10:00,0,4,0,0,0,0,5,0,16,0,0,0,,,0,0
Jiangsu,2003-05-07 10:00,0,4,0,0,0,0,2,0,18,0,0,0,,,0,0
Jiangsu,2003-05-08 10:00,1,5,0,0,0,0,5,0,22,1,0,0,,,0,0
Jiangsu,2003-05-09 10:00,0,5,0,0,0,0,1,0,23,0,0,0,,,0,0
Jiangsu,2003-05-10 10:00,1,6,0,0,0,0,1,2,21,1,0,0,,,0,0
Jiangsu,2003-05-11 10:00,1,7,0,0,0,0,1,0,21,1,0,0,,,0,0
Jiangsu,2003-05-12 10:00,0,7,0,0,0,0,1,2,20,0,0,0,,,0,0
Jiangsu,2003-05-13 10:00,0,7,0,0,0,0,0,1,19,0,0,0,,,0,0
Jiangsu,2003-05-14 10:00,0,7,0,0,0,0,0,0,19,0,0,0,,,0,0
Jiangsu,2003-05-15 10:00,0,7,0,0,0,0,1,1,19,0,0,0,,,0,0
Jiangsu,2003-05-16 10:00,0,7,0,0,0,0,1,0,20,0,0,0,,,0,0
Jiangsu,2003-05-17 10:00,0,7,0,0,0,0,0,1,19,0,0,0,,,0,0
Jiangsu,2003-05-18 10:00,0,7,0,0,0,0,1,1,19,0,0,0,,,0,0
Jiangsu,2003-05-19 10:00,0,7,1,1,0,0,0,2,17,0,0,0,,,0,0
Jiangsu,2003-05-20 10:00,0,7,0,1,0,0,0,2,15,0,0,0,,,0,0
Jiangsu,2003-05-21 10:00,0,7,0,1,0,0,0,0,15,0,0,0,,,0,0
Jiangsu,2003-05-22 10:00,0,7,0,1,0,0,0,1,14,0,0,0,,,0,0
Jiangsu,2003-05-23 10:00,0,7,0,1,0,0,0,1,13,0,0,0,,,0,0
Jiangsu,2003-05-24 10:00,0,7,1,2,0,0,0,0,13,0,0,0,,,0,0
Jiangsu,2003-05-25 10:00,0,7,0,2,0,0,0,1,12,0,0,0,,,0,0
Jiangsu,2003-05-26 10:00,0,7,0,2,0,0,0,1,11,0,0,0,,,0,0
Jiangsu,2003-05-27 10:00,0,7,1,3,0,0,0,1,10,0,0,0,,,0,0
Jiangsu,2003-05-28 10:00,0,7,0,3,0,0,0,0,10,0,0,0,,,0,0
Jiangsu,2003-05-29 10:00,0,7,0,3,0,0,0,1,9,0,0,0,,,0,0
Jiangsu,2003-05-30 10:00,0,7,0,3,0,0,0,1,8,0,0,0,,,0,0
Jiangsu,2003-05-31 10:00,0,7,0,3,0,0,0,0,8,0,0,0,,,0,0
Jiangxi,2003-04-22 20:00,,0,,0,,0,,,1,,,,,,,0
Jiangxi,2003-04-23 20:00,,0,,0,,0,,,1,,,,,,,0
Jiangxi,2003-04-24 20:00,0,0,0,0,0,0,1,,2,,,,,,0,0
Jiangxi,2003-04-26 10:00,0,0,0,0,0,0,0,,2,,,,,,0,0
Jiangxi,2003-04-27 10:00,0,0,0,0,0,0,0,,2,,,,,,0,0
Jiangxi,2003-04-28 10:00,0,0,0,0,0,0,0,,2,,,,,,0,0
Jiangxi,2003-04-29 10:00,0,0,0,0,0,0,0,,2,,,,,,0,0
Jiangxi,2003-04-30 10:00,0,0,0,0,0,0,0,,2,,,,,,0,0
Jiangxi,2003-05-01 10:00,0,0,0,0,0,0,0,0,2,0,0,0,,,0,0
Jiangxi,2003-05-02 10:00,0,0,0,0,0,0,0,0,2,0,0,0,,,0,0
Jiangxi,2003-05-03 10:00,0,0,0,0,0,0,0,1,1,0,0,0,,,0,0
Jiangxi,2003-05-04 10:00,1,1,0,0,0,0,0,0,1,0,0,0,,,0,0
Jiangxi,2003-05-05 10:00,0,1,0,0,0,0,0,0,1,0,0,0,,,0,0
Jiangxi,2003-05-06 10:00,0,1,0,0,0,0,0,0,1,0,0,0,,,0,0
Jiangxi,2003-05-07 10:00,0,1,0,0,0,0,0,0,1,0,0,0,,,0,0
Jiangxi,2003-05-08 10:00,0,1,0,0,0,0,1,0,2,0,0,0,,,0,0
Jiangxi,2003-05-09 10:00,0,1,0,0,0,0,0,0,2,0,0,0,,,0,0
Jiangxi,2003-05-10 10:00,0,1,0,0,0,0,0,0,2,0,0,0,,,0,0
Jiangxi,2003-05-11 10:00,0,1,0,0,0,0,0,0,2,0,0,0,,,0,0
Jiangxi,2003-05-12 10:00,0,1,0,0,0,0,0,1,1,0,0,0,,,0,0
Jiangxi,2003-05-13 10:00,0,1,0,0,0,0,0,0,1,0,0,0,,,0,0
Jiangxi,2003-05-14 10:00,0,1,0,0,0,0,0,0,1,0,0,0,,,0,0
Jiangxi,2003-05-15 10:00,0,1,0,0,0,0,0,0,1,0,0,0,,,0,0
Jiangxi,2003-05-16 10:00,0,1,0,0,0,0,0,0,1,0,0,0,,,0,0
Jiangxi,2003-05-17 10:00,0,1,0,0,0,0,0,0,1,0,0,0,,,0,0
Jiangxi,2003-05-18 10:00,0,1,0,0,0,0,0,1,0,0,0,0,,,0,0
Jiangxi,2003-05-19 10:00,0,1,0,0,0,0,0,0,0,0,0,0,,,0,0
Jiangxi,2003-05-20 10:00,0,1,0,0,0,0,0,0,0,0,0,0,,,0,0
Jiangxi,2003-05-21 10:00,0,1,0,0,0,0,0,0,0,0,0,0,,,0,0
Jiangxi,2003-05-22 10:00,0,1,0,0,0,0,0,0,0,0,0,0,,,0,0
Jiangxi,2003-05-23 10:00,0,1,0,0,0,0,0,0,0,0,0,0,,,0,0
Jiangxi,2003-05-24 10:00,0,1,0,0,0,0,0,0,0,0,0,0,,,0,0
Jiangxi,2003-05-25 10:00,0,1,0,0,0,0,0,0,0,0,0,0,,,0,0
Jiangxi,2003-05-26 10:00,0,1,0,0,0,0,0,0,0,0,0,0,,,0,0
Jiangxi,2003-05-27 10:00,0,1,0,0,0,0,0,0,0,0,0,0,,,0,0
Jiangxi,2003-05-28 10:00,0,1,0,0,0,0,0,0,0,0,0,0,,,0,0
Jiangxi,2003-05-29 10:00,0,1,0,0,0,0,0,0,0,0,0,0,,,0,0
Jiangxi,2003-05-30 10:00,0,1,1,1,0,0,0,0,0,0,0,0,,,0,0
Jiangxi,2003-05-31 10:00,0,1,0,1,0,0,0,0,0,0,0,0,,,0,0
Jilin,2003-04-21,,3,,0,,0,,,1,,,,,,,0
Jilin,2003-04-22 20:00,,7,,0,,0,,,2,,,,,,,2
Jilin,2003-04-23 20:00,,7,,0,,0,,,8,,,,,,,2
Jilin,2003-04-24 20:00,0,7,0,0,0,0,0,,7,,,,,,0,2
Jilin,2003-04-26 10:00,0,7,0,0,0,0,0,,7,,,,,,0,2
Jilin,2003-04-27 10:00,0,7,0,0,0,0,0,,3,,,,,,0,2
Jilin,2003-04-28 10:00,0,7,0,0,0,0,0,,3,,,,,,0,2
Jilin,2003-04-29 10:00,0,7,0,0,0,0,0,,3,,,,,,0,2
Jilin,2003-04-30 10:00,0,7,0,0,0,0,0,,3,,,,,,0,2
Jilin,2003-05-01 10:00,2,9,0,0,1,1,2,1,4,0,0,0,,,0,2
Jilin,2003-05-02 10:00,5,14,0,0,0,1,7,0,8,3,0,0,,,0,2
Jilin,2003-05-03 10:00,0,14,0,0,0,1,0,0,8,0,0,0,,,0,2
Jilin,2003-05-04 10:00,4,18,0,0,1,2,3,0,11,0,0,0,,,3,5
Jilin,2003-05-05 10:00,3,21,0,0,0,2,1,0,9,3,0,0,,,1,6
Jilin,2003-05-06 10:00,2,23,0,0,0,2,0,0,7,2,0,0,,,0,6
Jilin,2003-05-07 10:00,2,25,0,0,0,2,2,0,7,2,0,0,,,0,6
Jilin,2003-05-08 10:00,1,26,0,0,1,3,1,0,7,1,0,0,,,0,6
Jilin,2003-05-09 10:00,0,26,0,0,0,3,0,0,7,0,0,0,,,0,6
Jilin,2003-05-10 10:00,0,26,0,0,1,4,0,0,7,0,0,0,,,0,6
Jilin,2003-05-11 10:00,0,26,0,0,0,4,0,0,7,0,0,0,,,0,6
Jilin,2003-05-12 10:00,1,27,1,1,0,4,0,2,4,1,0,0,,,0,6
Jilin,2003-05-13 10:00,0,27,0,1,0,4,0,0,4,0,0,0,,,0,6
Jilin,2003-05-14 10:00,3,30,0,1,0,4,2,0,5,1,0,0,,,0,6
Jilin,2003-05-15 10:00,2,32,2,3,0,4,2,1,6,0,0,0,,,0,6
Jilin,2003-05-16 10:00,1,33,1,4,0,4,0,0,6,0,0,0,,,0,6
Jilin,2003-05-17 10:00,2,35,0,4,0,4,0,0,4,2,0,0,,,1,7
Jilin,2003-05-18 10:00,0,35,3,7,0,4,3,0,7,0,0,0,,,0,7
Jilin,2003-05-19 10:00,0,35,0,7,0,4,0,0,7,0,0,0,,,0,7
Jilin,2003-05-20 10:00,0,35,1,8,1,5,0,1,6,0,0,0,,,0,7
Jilin,2003-05-21 10:00,0,35,1,9,0,5,0,0,6,0,0,0,,,0,7
Jilin,2003-05-22 10:00,0,35,4,13,0,5,0,0,6,0,0,0,,,0,7
Jilin,2003-05-23 10:00,0,35,0,13,0,5,0,0,6,0,0,0,,,0,7
Jilin,2003-05-24 10:00,0,35,2,15,0,5,1,0,7,0,0,0,,,0,7
Jilin,2003-05-25 10:00,0,35,1,16,0,5,0,0,7,0,0,0,,,0,7
Jilin,2003-05-26 10:00,0,35,3,19,0,5,0,0,7,0,0,0,,,0,7
Jilin,2003-05-27 10:00,0,35,0,19,0,5,0,0,7,0,0,0,,,0,7
Jilin,2003-05-28 10:00,0,35,0,19,1,6,0,0,7,0,0,0,,,0,7
Jilin,2003-05-29 10:00,0,35,0,19,0,6,0,0,7,0,0,0,,,0,7
Jilin,2003-05-30 10:00,0,35,0,19,0,6,0,0,7,0,0,0,,,0,7
Jilin,2003-05-31 10:00,0,35,1,20,0,6,0,0,7,0,0,0,,,0,7
Jilin,2003-06-01 10:00,0,35,0,20,0,6,0,0,7,0,0,0,,,0,7
Jilin,2003-06-02 10:00,0,35,0,20,0,6,0,0,7,0,0,0,,,0,7
Jilin,2003-06-03 10:00,0,35,0,20,0,6,0,0,7,0,0,0,,,0,7
Jilin,2003-06-04 10:00,0,35,1,21,0,6,0,0,7,0,0,0,,,0,7
Jilin,2003-06-05 10:00,0,35,0,21,0,6,0,0,7,0,0,0,,,0,7
Liaoning,2003-04-21,,2,,0,,0,,,,,,,,,,0
Liaoning,2003-04-22 20:00,,1,,0,,0,,,0,,,,,,,0
Liaoning,2003-04-23 20:00,,1,,0,,0,,,0,,,,,,,0
Liaoning,2003-04-24 20:00,0,1,0,0,0,0,0,,0,,,,,,0,0
Liaoning,2003-04-26 10:00,0,1,0,0,0,0,0,,0,,,,,,0,0
Liaoning,2003-04-27 10:00,0,1,0,0,0,0,2,,2,,,,,,0,0
Liaoning,2003-04-28 10:00,0,1,0,0,0,0,0,,2,,,,,,0,0
Liaoning,2003-04-29 10:00,0,1,0,0,0,0,2,,4,,,,,,0,0
Liaoning,2003-04-30 10:00,0,1,0,0,0,0,0,,4,,,,,,0,0
Liaoning,2003-05-01 10:00,0,1,0,0,0,0,0,0,4,0,0,0,,,0,0
Liaoning,2003-05-02 10:00,0,1,0,0,0,0,0,0,4,0,0,0,,,0,0
Liaoning,2003-05-03 10:00,0,1,0,0,0,0,0,0,4,0,0,0,,,0,0
Liaoning,2003-05-04 10:00,0,1,0,0,0,0,0,1,3,0,0,0,,,0,0
Liaoning,2003-05-05 10:00,0,1,0,0,0,0,1,0,4,0,0,0,,,0,0
Liaoning,2003-05-06 10:00,0,1,0,0,0,0,0,0,4,0,0,0,,,0,0
Liaoning,2003-05-07 10:00,0,1,0,0,0,0,0,0,4,0,0,0,,,0,0
Liaoning,2003-05-08 10:00,1,2,0,0,0,0,0,0,3,1,0,0,,,0,0
Liaoning,2003-05-09 10:00,0,2,0,0,0,0,0,0,3,0,0,0,,,0,0
Liaoning,2003-05-10 10:00,0,2,0,0,0,0,0,0,3,0,0,0,,,0,0
Liaoning,2003-05-11 10:00,0,2,0,0,0,0,3,0,6,0,0,0,,,0,0
Liaoning,2003-05-12 10:00,1,3,0,0,0,0,0,0,5,1,0,0,,,0,0
Liaoning,2003-05-13 10:00,0,3,0,0,0,0,0,0,5,0,0,0,,,0,0
Liaoning,2003-05-14 10:00,0,3,0,0,0,0,0,0,5,0,0,0,,,0,0
Liaoning,2003-05-15 10:00,0,3,0,0,0,0,0,1,4,0,0,0,,,0,0
Liaoning,2003-05-16 10:00,0,3,0,0,0,0,0,0,4,0,0,0,,,0,0
Liaoning,2003-05-17 10:00,0,3,0,0,0,0,0,0,4,0,0,0,,,0,0
Liaoning,2003-05-18 10:00,0,3,0,0,0,0,0,0,4,0,0,0,,,0,0
Liaoning,2003-05-19 10:00,0,3,0,0,0,0,0,0,4,0,0,0,,,0,0
Liaoning,2003-05-20 10:00,0,3,1,1,0,0,2,0,6,0,0,0,,,0,0
Liaoning,2003-05-21 10:00,0,3,0,1,0,0,0,0,6,0,0,0,,,0,0
Liaoning,2003-05-22 10:00,2,5,0,1,0,0,1,0,5,2,0,0,,,2,2
Liaoning,2003-05-23 10:00,0,5,0,1,0,0,0,0,5,0,0,0,,,0,2
Liaoning,2003-05-24 10:00,1,6,0,1,1,1,0,0,4,1,0,0,,,0,2
Liaoning,2003-05-25 10:00,0,6,0,1,1,2,0,1,3,0,0,0,,,0,2
Liaoning,2003-05-26 10:00,0,6,0,1,0,2,0,0,3,0,0,0,,,0,2
Liaoning,2003-05-27 10:00,0,6,0,1,0,2,0,0,3,0,0,0,,,0,2
Liaoning,2003-05-28 10:00,0,6,0,1,0,2,0,0,3,0,0,0,,,0,2
Liaoning,2003-05-29 10:00,0,6,0,1,0,2,0,0,3,0,0,0,,,0,2
Liaoning,2003-05-30 10:00,0,6,1,2,0,2,0,0,3,0,0,0,,,0,2
Liaoning,2003-05-31 10:00,0,6,0,2,0,2,0,0,3,0,0,0,,,0,2
Liaoning,2003-06-01 10:00,0,6,0,2,0,2,0,0,3,0,0,0,,,0,2
Liaoning,2003-06-02 10:00,0,6,0,2,0,2,0,0,3,0,0,0,,,0,2
Liaoning,2003-06-03 10:00,1,7,0,2,0,2,0,0,2,1,0,0,,,1,3
Liaoning,2003-06-04 10:00,0,7,0,2,0,2,0,1,1,0,0,0,,,0,3
Liaoning,2003-06-05 10:00,0,7,0,2,0,2,0,0,1,0,0,0,,,0,3
Liaoning,2003-06-06 10:00,0,7,0,2,0,2,0,0,1,0,0,0,,,0,3
Liaoning,2003-06-07 10:00,0,7,0,2,0,2,0,0,1,0,0,0,,,0,3
Liaoning,2003-06-08 10:00,0,7,0,2,0,2,0,0,1,0,0,0,,,,
Liaoning,2003-06-09 10:00,0,7,0,2,0,2,0,0,1,0,0,0,,,,
Liaoning,2003-06-10 10:00,0,7,0,2,0,2,0,0,1,0,0,0,,,,
Liaoning,2003-06-11 10:00,0,7,0,2,0,2,0,0,1,0,0,0,,,,
Liaoning,2003-06-12 10:00,0,7,0,2,0,2,0,0,1,0,0,0,,,,
Liaoning,2003-06-13 10:00,0,7,0,2,0,2,0,0,1,0,0,0,,,,
Liaoning,2003-06-14 10:00,0,7,0,2,0,2,0,0,1,0,0,0,从无当地传播发生；,,,
Liaoning,2003-06-15 10:00,0,7,0,2,0,2,0,0,1,0,0,0,从无当地传播发生；,,,
Liaoning,2003-06-16 10:00,0,7,0,2,0,2,0,0,1,0,0,0,从无当地传播发生；,,,
Liaoning,2003-06-17 10:00,0,7,0,2,0,2,0,0,1,0,0,0,,,,
Liaoning,2003-06-18 10:00,0,7,0,2,0,2,0,0,1,0,0,0,,,,
Liaoning,2003-06-19 10:00,0,7,0,2,0,2,0,0,1,0,0,0,,,,
Liaoning,2003-06-20 10:00,0,7,0,2,0,2,0,0,1,0,0,0,,,,
Liaoning,2003-06-21 10:00,0,7,0,2,0,2,0,0,1,0,0,0,,,,
Liaoning,2003-06-22 10:00,0,7,0,2,0,2,0,0,1,0,0,0,,,,
Ningxia,2003-04-22 20:00,,5,,0,,1,,,2,,,,,,,0
Ningxia,2003-04-23 20:00,,5,,0,,1,,,2,,,,,,,0
Ningxia,2003-04-24 20:00,0,5,0,0,0,1,0,,2,,,,,,0,0
Ningxia,2003-04-26 10:00,0,5,0,0,0,1,0,,2,,,,,,0,0
Ningxia,2003-04-27 10:00,0,5,0,0,0,1,1,,3,,,,,,0,0
Ningxia,2003-04-28 10:00,0,5,0,0,0,1,0,,3,,,,,,0,0
Ningxia,2003-04-29 10:00,0,5,0,0,0,1,0,,3,,,,,,0,0
Ningxia,2003-04-30 10:00,0,5,0,0,0,1,2,,5,,,,,,0,0
Ningxia,2003-05-01 10:00,0,5,0,0,0,1,0,0,5,0,0,0,,,0,0
Ningxia,2003-05-02 10:00,0,5,0,0,0,1,2,0,7,0,0,0,,,0,0
Ningxia,2003-05-03 10:00,1,6,0,0,0,1,0,0,7,0,0,0,,,0,0
Ningxia,2003-05-04 10:00,0,6,0,0,0,1,0,0,7,0,0,0,,,0,0
Ningxia,2003-05-05 10:00,0,6,0,0,0,1,0,0,7,0,0,0,,,0,0
Ningxia,2003-05-06 10:00,0,6,0,0,0,1,0,0,7,0,0,0,,,0,0
Ningxia,2003-05-07 10:00,0,6,0,0,0,1,0,0,7,0,0,0,,,0,0
Ningxia,2003-05-08 10:00,0,6,2,2,0,1,0,0,7,0,0,0,,,0,0
Ningxia,2003-05-09 10:00,0,6,0,2,0,1,0,2,5,0,0,0,,,0,0
Ningxia,2003-05-10 10:00,0,6,0,2,0,1,0,2,3,0,0,0,,,0,0
Ningxia,2003-05-11 10:00,0,6,0,2,0,1,0,0,3,0,0,0,,,0,0
Ningxia,2003-05-12 10:00,0,6,0,2,0,1,0,0,3,0,0,0,,,0,0
Ningxia,2003-05-13 10:00,0,6,0,2,0,1,1,2,2,0,0,0,,,0,0
Ningxia,2003-05-14 10:00,0,5,2,4,0,1,0,0,2,0,1,0,宁夏排除原临床诊断病例1例。,,0,0
Ningxia,2003-05-15 10:00,0,5,0,4,0,1,0,0,2,0,0,0,,,0,0
Ningxia,2003-05-16 10:00,0,5,0,4,0,1,0,0,2,0,0,0,,,0,0
Ningxia,2003-05-17 10:00,0,5,0,4,0,1,0,0,2,0,0,0,,,0,0
Ningxia,2003-05-18 10:00,0,5,0,4,0,1,0,0,2,0,0,0,,,0,0
Ningxia,2003-05-19 10:00,0,5,0,4,0,1,0,0,2,0,0,0,,,0,0
Ningxia,2003-05-20 10:00,0,5,0,4,0,1,0,0,2,0,0,0,,,0,0
Ningxia,2003-05-21 10:00,0,5,0,4,0,1,0,1,1,0,0,0,,,0,0
Ningxia,2003-05-22 10:00,0,5,0,4,0,1,0,0,1,0,0,0,,,0,0
Ningxia,2003-05-23 10:00,0,5,0,4,0,1,0,0,1,0,0,0,,,0,0
Ningxia,2003-05-24 10:00,0,5,0,4,0,1,0,0,1,0,0,0,,,0,0
Ningxia,2003-05-25 10:00,0,5,0,4,0,1,0,1,0,0,0,0,,,0,0
Ningxia,2003-05-26 10:00,0,5,0,4,0,1,0,0,0,0,0,0,,,0,0
Ningxia,2003-05-27 10:00,0,5,0,4,0,1,0,0,0,0,0,0,,,0,0
Ningxia,2003-05-28 10:00,0,5,0,4,0,1,0,0,0,0,0,0,,,0,0
Ningxia,2003-05-29 10:00,0,5,0,4,0,1,0,0,0,0,0,0,,,0,0
Ningxia,2003-05-30 10:00,0,5,0,4,0,1,0,0,0,0,0,0,,,0,0
Ningxia,2003-05-31 10:00,0,5,0,4,0,1,0,0,0,0,0,0,,,0,0
Shaanxi,2003-04-21,,1,,0,,0,,,4,,,,,,,0
Shaanxi,2003-04-22 20:00,,2,,0,,0,,,7,,,,,,,0
Shaanxi,2003-04-23 20:00,,2,,0,,0,,,16,,,,,,,0
Shaanxi,2003-04-24 20:00,0,2,0,0,0,0,0,,15,,,,,,0,0
Shaanxi,2003-04-26 10:00,3,5,0,0,0,0,4,,17,,,,,,0,0
Shaanxi,2003-04-27 10:00,0,5,0,0,0,0,8,,25,,,,,,0,0
Shaanxi,2003-04-28 10:00,0,5,0,0,0,0,2,,27,,,,,,0,0
Shaanxi,2003-04-29 10:00,3,8,0,0,0,0,1,,26,,,,,,0,0
Shaanxi,2003-04-30 10:00,0,8,0,0,0,0,1,,26,,,,,,0,0
Shaanxi,2003-05-01 10:00,0,8,0,0,0,0,8,5,26,0,0,0,,,0,0
Shaanxi,2003-05-02 10:00,1,9,0,0,0,0,6,1,34,0,0,0,,,0,0
Shaanxi,2003-05-03 10:00,0,9,0,0,0,0,3,0,37,0,0,0,,,0,0
Shaanxi,2003-05-04 10:00,0,9,0,0,0,0,3,0,40,0,0,0,,,0,0
Shaanxi,2003-05-05 10:00,1,10,0,0,0,0,1,3,38,0,0,0,,,1,1
Shaanxi,2003-05-06 10:00,0,10,0,0,0,0,4,5,37,0,0,0,,,0,1
Shaanxi,2003-05-07 10:00,0,10,0,0,0,0,3,0,40,0,0,0,,,0,1
Shaanxi,2003-05-08 10:00,1,11,2,2,0,0,1,13,27,1,0,0,,,0,1
Shaanxi,2003-05-09 10:00,1,12,0,2,0,0,1,1,27,0,0,0,,,0,1
Shaanxi,2003-05-10 10:00,0,12,0,2,0,0,0,2,25,0,0,0,,,0,1
Shaanxi,2003-05-11 10:00,0,12,1,3,0,0,1,2,24,0,0,0,,,0,1
Shaanxi,2003-05-12 10:00,0,12,0,3,0,0,0,1,23,0,0,0,,,0,1
Shaanxi,2003-05-13 10:00,0,12,1,4,0,0,0,0,23,0,0,0,,,0,1
Shaanxi,2003-05-14 10:00,0,12,0,4,0,0,1,2,22,0,0,0,,,0,1
Shaanxi,2003-05-15 10:00,0,12,0,4,0,0,1,3,20,0,0,0,,,0,1
Shaanxi,2003-05-16 10:00,0,12,1,5,0,0,2,5,17,0,0,0,,,0,1
Shaanxi,2003-05-17 10:00,0,12,0,5,0,0,2,3,16,0,0,0,,,0,1
Shaanxi,2003-05-18 10:00,0,12,0,5,0,0,0,0,16,0,0,0,,,0,1
Shaanxi,2003-05-20 10:00,0,12,1,6,0,0,0,4,12,0,0,0,,,0,1
Shaanxi,2003-05-21 10:00,0,12,1,7,0,0,0,1,11,0,0,0,,,0,1
Shaanxi,2003-05-22 10:00,0,12,0,7,0,0,0,3,8,0,0,0,,,0,1
Shaanxi,2003-05-23 10:00,0,12,1,8,0,0,0,2,6,0,0,0,,,0,1
Shaanxi,2003-05-24 10:00,0,12,0,8,0,0,0,1,5,0,0,0,,,0,1
Shaanxi,2003-05-25 10:00,0,12,0,8,0,0,0,0,5,0,0,0,,,0,1
Shaanxi,2003-05-26 10:00,0,12,0,8,0,0,0,1,4,0,0,0,,,0,1
Shaanxi,2003-05-27 10:00,0,12,0,8,0,0,0,0,4,0,0,0,,,0,1
Shaanxi,2003-05-28 10:00,0,12,1,9,0,0,0,2,2,0,0,0,,,0,1
Shaanxi,2003-05-29 10:00,0,12,0,9,0,0,0,2,0,0,0,0,,,0,1
Shaanxi,2003-05-30 10:00,0,12,0,9,0,0,0,0,0,0,0,0,,,0,1
Shaanxi,2003-05-31 10:00,0,12,2,11,0,0,0,0,0,0,0,0,,,0,1
Shandong,2003-04-22 20:00,,1,,0,,0,,,0,,,,,,,0
Shandong,2003-04-23 20:00,,1,,0,,0,,,0,,,,,,,0
Shandong,2003-04-24 20:00,0,1,0,0,0,0,1,,1,,,,,,0,0
Shandong,2003-04-26 10:00,0,1,0,0,0,0,0,,1,,,,,,0,0
Shandong,2003-04-27 10:00,0,1,0,0,0,0,0,,1,,,,,,0,0
Shandong,2003-04-28 10:00,0,1,0,0,0,0,0,,1,,,,,,0,0
Shandong,2003-04-29 10:00,0,1,0,0,0,0,0,,1,,,,,,0,0
Shandong,2003-04-30 10:00,0,1,0,0,0,0,0,,1,,,,,,0,0
Shandong,2003-05-01 10:00,0,1,0,0,0,0,0,0,1,0,0,0,,,0,0
Shandong,2003-05-02 10:00,0,1,0,0,0,0,0,0,1,0,0,0,,,0,0
Shandong,2003-05-03 10:00,0,1,0,0,0,0,0,0,1,0,0,0,,,0,0
Shandong,2003-05-04 10:00,0,1,0,0,0,0,0,0,1,0,0,0,,,0,0
Shandong,2003-05-05 10:00,0,1,0,0,0,0,0,0,1,0,0,0,,,0,0
Shandong,2003-05-06 10:00,0,1,0,0,0,0,0,0,1,0,0,0,,,0,0
Shandong,2003-05-07 10:00,0,1,0,0,0,0,0,0,1,0,0,0,,,0,0
Shandong,2003-05-08 10:00,0,1,0,0,0,0,0,0,1,0,0,0,,,0,0
Shandong,2003-05-09 10:00,0,1,0,0,0,0,1,1,1,0,0,0,,,0,0
Shandong,2003-05-10 10:00,0,1,0,0,0,0,0,0,1,0,0,0,,,0,0
Shandong,2003-05-11 10:00,0,1,0,0,0,0,0,0,1,0,0,0,,,0,0
Shandong,2003-05-12 10:00,0,1,0,0,0,0,0,0,1,0,0,0,,,0,0
Shandong,2003-05-13 10:00,0,1,0,0,0,0,0,0,1,0,0,0,,,0,0
Shandong,2003-05-14 10:00,0,1,0,0,0,0,0,0,1,0,0,0,,,0,0
Shandong,2003-05-15 10:00,0,1,0,0,0,0,0,0,1,0,0,0,,,0,0
Shandong,2003-05-16 10:00,0,1,0,0,0,0,0,0,1,0,0,0,,,0,0
Shandong,2003-05-17 10:00,0,1,0,0,0,0,0,0,1,0,0,0,,,0,0
Shandong,2003-05-18 10:00,0,1,0,0,0,0,0,0,1,0,0,0,,,0,0
Shandong,2003-05-19 10:00,0,1,0,0,0,0,0,0,1,0,0,0,,,0,0
Shandong,2003-05-20 10:00,0,1,0,0,0,0,0,0,1,0,0,0,,,0,0
Shandong,2003-05-21 10:00,0,1,0,0,0,0,0,0,1,0,0,0,,,0,0
Shandong,2003-05-22 10:00,0,1,0,0,0,0,0,0,1,0,0,0,,,0,0
Shandong,2003-05-23 10:00,0,1,0,0,0,0,0,0,1,0,0,0,,,0,0
Shandong,2003-05-24 10:00,0,1,0,0,0,0,0,0,1,0,0,0,,,0,0
Shandong,2003-05-25 10:00,0,1,0,0,0,0,0,0,1,0,0,0,,,0,0
Shandong,2003-05-26 10:00,0,1,0,0,0,0,0,0,1,0,0,0,,,0,0
Shandong,2003-05-27 10:00,0,1,0,0,0,0,0,0,1,0,0,0,,,0,0
Shandong,2003-05-28 10:00,0,1,0,0,0,0,0,0,1,0,0,0,,,0,0
Shandong,2003-05-29 10:00,0,1,0,0,0,0,0,0,1,0,0,0,,,0,0
Shandong,2003-05-30 10:00,0,1,0,0,0,0,0,0,1,0,0,0,,,0,0
Shandong,2003-05-31 10:00,0,1,0,0,0,0,0,0,1,0,0,0,,,0,0
Shanghai,2003-03-31,,0,,,,0,,,,,,,,,,
Shanghai,2003-04-06,,1,,,,0,,,,,,,,,,
Shanghai,2003-04-09,,1,,0,,0,,,,,,,,,,
Shanghai,2003-04-15 12:00,,1,,0,,0,,,,,,,,,,
Shanghai,2003-04-21,,2,,0,,0,,,8,,,,,,,0
Shanghai,2003-04-22 20:00,,2,,0,,0,,,10,,,,,,,0
Shanghai,2003-04-23 20:00,,2,,0,,0,,,16,,,,,,,0
Shanghai,2003-04-24 20:00,0,2,0,0,0,0,8,,18,,,,,,0,0
Shanghai,2003-04-26 10:00,0,2,0,0,0,0,4,,15,,,,,,0,0
Shanghai,2003-04-27 10:00,0,2,0,0,0,0,0,,12,,,,,,0,0
Shanghai,2003-04-28 10:00,0,2,0,0,0,0,1,,12,,,,,,0,0
Shanghai,2003-04-29 10:00,0,2,0,0,0,0,1,,7,,,,,,0,0
Shanghai,2003-04-30 10:00,0,2,0,0,0,0,2,,7,,,,,,0,0
Shanghai,2003-05-01 10:00,0,2,0,0,0,0,6,1,12,0,0,0,,,0,0
Shanghai,2003-05-02 10:00,0,2,0,0,0,0,3,2,13,0,0,0,,,0,0
Shanghai,2003-05-03 10:00,0,2,0,0,0,0,3,1,15,0,0,0,,,0,0
Shanghai,2003-05-04 10:00,2,4,0,0,0,0,1,1,15,0,0,0,,,0,0
Shanghai,2003-05-05 10:00,0,4,0,0,0,0,1,4,12,0,0,0,,,0,0
Shanghai,2003-05-06 10:00,2,6,0,0,0,0,1,0,11,2,0,0,,,0,0
Shanghai,2003-05-07 10:00,0,6,0,0,0,0,3,2,12,0,0,0,,,0,0
Shanghai,2003-05-08 10:00,0,6,0,0,1,1,2,2,12,0,0,0,,,0,0
Shanghai,2003-05-09 10:00,0,6,0,0,0,1,4,4,12,0,0,0,,,0,0
Shanghai,2003-05-10 10:00,1,7,0,0,0,1,3,4,10,1,0,0,,,0,0
Shanghai,2003-05-11 10:00,0,7,0,0,0,1,2,1,11,0,0,0,,,0,0
Shanghai,2003-05-12 10:00,0,7,0,0,0,1,2,0,13,0,0,0,,,0,0
Shanghai,2003-05-13 10:00,0,7,0,0,0,1,1,1,13,0,0,0,,,0,0
Shanghai,2003-05-14 10:00,0,7,0,0,0,1,1,4,10,0,0,0,,,0,0
Shanghai,2003-05-15 10:00,0,7,0,0,0,1,2,2,10,0,0,0,,,0,0
Shanghai,2003-05-16 10:00,0,7,0,0,1,2,2,0,12,0,0,0,,,0,0
Shanghai,2003-05-17 10:00,0,7,2,2,0,2,2,3,11,0,0,0,,,0,0
Shanghai,2003-05-18 10:00,0,7,0,2,0,2,1,0,12,0,0,0,,,0,0
Shanghai,2003-05-19 10:00,0,7,0,2,0,2,0,2,10,0,0,0,,,0,0
Shanghai,2003-05-20 10:00,0,7,0,2,0,2,1,2,9,0,0,0,,,0,0
Shanghai,2003-05-21 10:00,0,7,0,2,0,2,0,6,3,0,0,0,,,0,0
Shanghai,2003-05-22 10:00,0,7,0,2,0,2,2,2,3,0,0,0,,,0,0
Shanghai,2003-05-23 10:00,1,8,0,2,0,2,1,3,0,1,0,0,,,0,0
Shanghai,2003-05-24 10:00,0,8,0,2,0,2,1,0,1,0,0,0,,,0,0
Shanghai,2003-05-25 10:00,0,8,0,2,0,2,0,0,1,0,0,0,,,0,0
Shanghai,2003-05-26 10:00,0,8,0,2,0,2,0,1,0,0,0,0,,,0,0
Shanghai,2003-05-27 10:00,0,8,0,2,0,2,0,0,0,0,0,0,,,0,0
Shanghai,2003-05-28 10:00,0,8,0,2,0,2,1,0,1,0,0,0,,,0,0
Shanghai,2003-05-29 10:00,0,8,0,2,0,2,0,0,1,0,0,0,,,0,0
Shanghai,2003-05-30 10:00,0,8,0,2,0,2,0,0,1,0,0,0,,,0,0
Shanghai,2003-05-31 10:00,0,8,0,2,0,2,0,0,1,0,0,0,,,0,0
Shanghai,2003-06-01 10:00,0,8,1,3,0,2,0,0,1,0,0,0,,,0,0
Shanghai,2003-06-02 10:00,0,8,0,3,0,2,0,0,1,0,0,0,,,0,0
Shanghai,2003-06-03 10:00,0,8,0,3,0,2,0,1,0,0,0,0,,,0,0
Shanghai,2003-06-04 10:00,0,8,0,3,0,2,0,0,0,0,0,0,,,0,0
Shanghai,2003-06-05 10:00,0,8,0,3,0,2,0,0,0,0,0,0,,,0,0
Shanghai,2003-06-06 10:00,0,8,0,3,0,2,0,0,0,0,0,0,,,0,0
Shanghai,2003-06-07 10:00,0,8,0,3,0,2,0,0,0,0,0,0,,,0,0
Shanghai,2003-06-08 10:00,0,8,0,3,0,2,0,0,0,0,0,0,,,,
Shanghai,2003-06-09 10:00,0,8,0,3,0,2,0,0,0,0,0,0,,,,
Shanghai,2003-06-10 10:00,0,8,0,3,0,2,0,0,0,0,0,0,,,,
Shanghai,2003-06-11 10:00,0,8,0,3,0,2,0,0,0,0,0,0,,,,
Shanxi,2003-03-31,,4,,,,0,,,,,,,,,,
Shanxi,2003-04-06,,24,,,,1,,,,,,,,,,
Shanxi,2003-04-09,,32,,4,,2,,,,,,,,,,
Shanxi,2003-04-15 12:00,,82,,7,,7,,,,,,,,,,
Shanxi,2003-04-21,,120,,6,,7,,,61,,,,,,,45
Shanxi,2003-04-22 20:00,,157,,13,,7,,,87,,,,,,,45
Shanxi,2003-04-23 20:00,,162,,14,,7,,,108,,,,,,,45
Shanxi,2003-04-24 20:00,11,173,0,14,1,8,34,,135,,,,,,1,46
Shanxi,2003-04-26 10:00,22,195,0,14,0,8,18,,135,,,,,,1,47
Shanxi,2003-04-27 10:00,19,214,5,19,1,9,29,,156,,,,,,1,48
Shanxi,2003-04-28 10:00,29,243,1,20,0,9,29,,173,,,,经修正统计山西既往病例中增加8例医务人员。,,2,58
Shanxi,2003-04-29 10:00,23,266,1,21,0,9,49,,156,,,,,,4,62
Shanxi,2003-04-30 10:00,34,299,1,22,0,9,17,,130,,,,山西排除1例原临床诊断病例。,,3,65
Shanxi,2003-05-01 10:00,8,307,3,25,1,10,20,14,136,0,0,0,,,1,66
Shanxi,2003-05-02 10:00,4,311,7,32,0,10,26,6,155,1,0,0,,,0,66
Shanxi,2003-05-03 10:00,18,329,1,33,2,12,24,5,160,14,0,0,,,2,68
Shanxi,2003-05-04 10:00,11,339,3,36,0,12,20,7,165,8,1,0,山西排除原临床诊断病例1例,,0,68
Shanxi,2003-05-05 10:00,21,360,0,36,2,14,12,20,141,16,0,0,,,2,70
Shanxi,2003-05-06 10:00,11,369,5,41,3,17,19,6,149,5,2,0,山西省排除原临床诊断病例2例。,,5,75
Shanxi,2003-05-07 10:00,9,378,10,5,0,17,18,6,154,7,0,0,,,1,76
Shanxi,2003-05-08 10:00,13,391,3,54,0,17,29,19,152,12,0,0,,,0,76
Shanxi,2003-05-09 10:00,11,400,15,69,0,17,14,22,138,6,2,0,山西排除原临床诊断病例2例。,,0,76
Shanxi,2003-05-10 10:00,11,410,12,81,1,18,18,19,129,8,1,0,山西排除原临床诊断病例1例。,,1,77
Shanxi,2003-05-11 10:00,6,416,6,87,0,18,20,8,138,3,0,0,,,0,77
Shanxi,2003-05-12 10:00,4,420,8,95,0,18,10,18,128,2,0,0,,,0,77
Shanxi,2003-05-13 10:00,13,431,24,119,1,19,8,17,110,9,2,0,山西排除原临床诊断病例2例。,,1,78
Shanxi,2003-05-14 10:00,4,435,23,142,0,19,9,15,100,4,0,0,,,0,78
Shanxi,2003-05-15 10:00,7,442,18,160,0,19,6,18,84,4,0,0,,,0,78
Shanxi,2003-05-16 10:00,1,443,37,197,0,19,18,18,83,1,0,0,,,0,78
Shanxi,2003-05-17 10:00,1,443,6,203,1,20,13,8,87,1,1,0,山西订正1例临床诊断病例为疑似病例。,,0,78
Shanxi,2003-05-18 10:00,2,445,15,218,0,20,2,8,81,0,0,0,,,0,78
Shanxi,2003-05-19 10:00,0,444,6,224,0,20,2,11,72,0,1,0,山西排除原临床诊断病例1例。,,0,78
Shaanxi,2003-05-19 10:00,0,12,0,5,0,0,2,2,16,0,0,0,,,0,1
Shanxi,2003-05-20 10:00,1,445,8,232,0,20,2,9,64,1,0,0,,,0,78
Shanxi,2003-05-21 10:00,0,445,10,242,0,20,3,4,63,0,0,0,,,0,78
Shanxi,2003-05-22 10:00,2,447,5,247,0,20,5,8,58,2,0,0,,,1,79
Shanxi,2003-05-23 10:00,0,447,12,259,1,21,2,11,49,0,0,0,,,0,79
Shanxi,2003-05-24 10:00,4,450,16,275,0,21,2,8,41,2,1,0,山西排除原临床诊断病例1例。,,0,79
Shanxi,2003-05-25 10:00,0,449,9,284,0,21,1,12,30,0,1,0,山西排除原临床诊断病例1例。,,0,79
Shanxi,2003-05-26 10:00,1,450,5,289,0,21,2,4,27,1,0,0,,,1,80
Shanxi,2003-05-27 10:00,0,450,14,303,0,21,0,4,23,0,0,0,,,0,80
Shanxi,2003-05-28 10:00,0,450,13,316,0,21,4,5,22,0,0,0,,,0,80
Shanxi,2003-05-29 10:00,0,450,9,325,0,21,1,3,20,0,0,0,,,0,80
Shanxi,2003-05-30 10:00,0,450,10,335,0,21,1,3,18,0,0,0,,,0,80
Shanxi,2003-05-31 10:00,0,450,3,338,0,21,0,2,16,0,0,0,,,0,80
Shanxi,2003-06-01 10:00,0,448,3,339,0,21,0,2,14,0,1,0,山西排除原临床诊断病例2例(已出院)。,,0,80
Shanxi,2003-06-02 10:00,0,448,3,342,0,21,1,4,11,0,0,0,,,0,80
Shanxi,2003-06-03 10:00,0,448,6,348,0,21,0,0,11,0,0,0,,,0,80
Shanxi,2003-06-04 10:00,0,448,6,354,0,21,0,3,8,0,0,0,,,0,80
Shanxi,2003-06-05 10:00,0,448,17,371,2,23,0,3,5,0,0,0,,,0,80
Shanxi,2003-06-06 10:00,0,448,3,374,0,23,0,1,4,0,0,0,,,0,80
Shanxi,2003-06-07 10:00,0,448,1,375,0,23,0,0,4,0,0,0,,,0,80
Shanxi,2003-06-08 10:00,0,448,4,379,0,23,0,1,3,0,0,0,,,,
Shanxi,2003-06-09 10:00,0,448,6,385,0,23,0,0,3,0,0,0,,,,
Shanxi,2003-06-10 10:00,0,448,6,391,1,24,0,1,2,0,0,0,,,,
Shanxi,2003-06-11 10:00,0,448,5,396,0,24,0,0,2,0,0,0,,,,
Shanxi,2003-06-12 10:00,0,448,6,402,0,24,0,1,1,0,0,0,,,,
Shanxi,2003-06-13 10:00,0,448,1,403,0,24,0,1,0,0,0,0,,,,
Sichuan,2003-03-31,,3,,,,0,,,,,,,,,,
Sichuan,2003-04-06,,4,,,,1,,,,,,,,,,
Sichuan,2003-04-09,,4,,3,,1,,,,,,,,,,
Sichuan,2003-04-15 12:00,,4,,3,,1,,,,,,,,,,
Sichuan,2003-04-21,,8,,3,,2,,,7,,,,,,,0
Sichuan,2003-04-22 20:00,,8,,3,,2,,,10,,,,,,,0
Sichuan,2003-04-23 20:00,,8,,3,,2,,,14,,,,,,,0
Sichuan,2003-04-24 20:00,1,9,0,3,0,2,2,,15,,,,,,0,0
Sichuan,2003-04-26 10:00,1,10,0,3,0,2,3,,17,,,,,,0,0
Sichuan,2003-04-27 10:00,2,12,0,3,0,2,2,,17,,,,,,0,0
Sichuan,2003-04-28 10:00,0,12,0,3,0,2,4,,18,,,,,,0,0
Sichuan,2003-04-29 10:00,0,12,0,3,0,2,4,,21,,,,,,0,0
Sichuan,2003-04-30 10:00,0,12,0,3,0,2,3,,21,,,,,,0,0
Sichuan,2003-05-01 10:00,0,12,0,3,0,2,1,2,21,0,0,0,,,0,0
Sichuan,2003-05-02 10:00,0,10,0,3,0,2,0,2,18,0,2,0,四川排除原临床诊断病例2例。,,0,0
Sichuan,2003-05-03 10:00,0,10,0,3,0,2,3,0,21,0,0,0,,,0,0
Sichuan,2003-05-04 10:00,1,11,0,3,0,2,2,1,21,1,0,0,,,0,0
Sichuan,2003-05-05 10:00,0,11,0,3,0,2,2,3,20,0,0,0,,,0,0
Sichuan,2003-05-06 10:00,0,11,0,3,0,2,0,0,20,0,0,0,,,0,0
Sichuan,2003-05-07 10:00,0,11,0,3,0,2,0,1,19,0,0,0,,,0,0
Sichuan,2003-05-08 10:00,0,11,1,4,0,2,1,2,18,0,0,0,,,0,0
Sichuan,2003-05-09 10:00,2,13,0,4,0,2,1,0,17,2,0,0,,,0,0
Sichuan,2003-05-10 10:00,0,13,0,4,0,2,1,0,18,0,0,0,,,0,0
Sichuan,2003-05-11 10:00,0,13,0,4,0,2,0,2,16,0,0,0,,,0,0
Sichuan,2003-05-12 10:00,0,13,0,4,0,2,1,0,17,0,0,0,,,0,0
Sichuan,2003-05-13 10:00,1,14,0,4,0,2,0,0,16,1,0,0,,,0,0
Sichuan,2003-05-14 10:00,1,15,2,6,0,2,1,2,14,1,0,0,,,0,0
Sichuan,2003-05-15 10:00,0,15,0,6,0,2,0,0,14,0,0,0,,,0,0
Sichuan,2003-05-16 10:00,2,17,1,7,0,2,2,1,13,2,0,0,,,0,0
Sichuan,2003-05-17 10:00,0,17,0,7,0,2,0,3,10,0,0,0,,,0,0
Sichuan,2003-05-18 10:00,0,17,0,7,0,2,0,0,10,0,0,0,,,0,0
Sichuan,2003-05-19 10:00,0,17,1,8,0,2,0,1,9,0,0,0,,,0,0
Sichuan,2003-05-20 10:00,0,17,0,8,0,2,0,1,8,0,0,0,,,0,0
Sichuan,2003-05-21 10:00,0,17,0,8,0,2,0,2,6,0,0,0,,,0,0
Sichuan,2003-05-22 10:00,0,17,1,9,0,2,0,1,5,0,0,0,,,0,0
Sichuan,2003-05-23 10:00,2,19,3,12,0,2,2,2,3,2,0,0,,,0,0
Sichuan,2003-05-24 10:00,0,19,0,12,0,2,0,0,3,0,0,0,,,0,0
Sichuan,2003-05-25 10:00,0,19,0,12,0,2,1,2,2,0,0,0,,,0,0
Sichuan,2003-05-26 10:00,0,19,0,12,0,2,0,0,2,0,0,0,,,0,0
Sichuan,2003-05-27 10:00,0,19,0,12,0,2,0,1,1,0,0,0,,,0,0
Sichuan,2003-05-28 10:00,0,19,0,12,0,2,0,0,1,0,0,0,,,0,0
Sichuan,2003-05-29 10:00,0,19,0,12,0,2,0,0,1,0,0,0,,,0,0
Sichuan,2003-05-30 10:00,0,19,0,12,0,2,0,0,1,0,0,0,,,0,0
Sichuan,2003-05-31 10:00,0,19,0,12,0,2,0,0,1,0,0,0,,,0,0
Sichuan,2003-06-01 10:00,0,19,0,12,0,2,0,0,1,0,0,0,,,0,0
Sichuan,2003-06-02 10:00,0,19,1,13,0,2,0,0,1,0,0,0,,,0,0
Sichuan,2003-06-03 10:00,0,19,0,13,0,2,0,0,1,0,0,0,,,0,0
Sichuan,2003-06-04 10:00,0,19,0,13,0,2,1,0,2,0,0,0,,,0,0
Sichuan,2003-06-05 10:00,0,19,1,14,0,2,1,0,3,0,0,0,,,0,0
Sichuan,2003-06-06 10:00,1,20,2,16,0,2,0,1,1,1,0,0,,,0,0
Sichuan,2003-06-07 10:00,0,20,0,16,0,2,0,0,1,0,0,0,,,0,0
Sichuan,2003-06-08 10:00,0,20,0,16,0,2,0,0,1,0,0,0,,,,
Sichuan,2003-06-09 10:00,0,20,0,16,0,2,0,0,1,0,0,0,,,,
Sichuan,2003-06-10 10:00,0,20,0,16,0,2,0,0,1,0,0,0,,,,
Sichuan,2003-06-11 10:00,0,20,0,16,0,2,1,1,1,0,0,0,,,,
Sichuan,2003-06-12 10:00,0,20,0,16,0,2,0,0,1,0,0,0,,,,
Sichuan,2003-06-13 10:00,0,20,0,16,0,2,0,0,1,0,0,0,,,,
Sichuan,2003-06-14 10:00,0,20,0,16,0,2,0,0,1,0,0,0,,,,
Sichuan,2003-06-15 10:00,0,20,0,16,0,2,0,0,1,0,0,0,从无当地传播发生；,,,
Sichuan,2003-06-16 10:00,0,20,0,16,0,2,0,0,1,0,0,0,从无当地传播发生；,,,
Sichuan,2003-06-17 10:00,0,20,1,17,0,2,0,0,1,0,0,0,,,,
Sichuan,2003-06-18 10:00,0,20,0,17,0,2,0,0,1,0,0,0,,,,
Sichuan,2003-06-19 10:00,0,20,0,17,0,2,0,1,0,0,0,0,,,,
Sichuan,2003-06-20 10:00,0,20,0,17,0,2,0,0,0,0,0,0,,,,
Sichuan,2003-06-21 10:00,0,20,0,17,0,2,0,0,0,0,0,0,,,,
Sichuan,2003-06-22 10:00,0,20,0,17,0,2,0,0,0,0,0,0,,,,
Sichuan,2003-06-23 10:00,0,20,0,17,0,2,0,0,0,0,0,0,,,,
Tianjin,2003-04-21,,0,,0,,0,,,2,,,,,,,0
Tianjin,2003-04-22 20:00,,7,,0,,2,,,5,,,,,,,0
Tianjin,2003-04-23 20:00,,8,,0,,2,,,12,,,,,,,1
Tianjin,2003-04-24 20:00,13,21,0,0,0,2,9,,26,,,,,,9,10
Tianjin,2003-04-26 10:00,1,22,0,0,0,2,27,,53,,,,,,0,10
Tianjin,2003-04-27 10:00,0,22,0,0,0,2,2,,55,,,,,,0,10
Tianjin,2003-04-28 10:00,21,43,0,0,0,2,12,,67,,,,,,13,23
Tianjin,2003-04-29 10:00,1,44,0,0,0,2,8,,75,,,,,,0,23
Tianjin,2003-04-30 10:00,5,49,0,0,1,3,8,,81,,,,,,0,23
Tianjin,2003-05-01 10:00,12,61,0,0,0,3,9,3,87,0,0,0,,,3,26
Tianjin,2003-05-02 10:00,12,73,0,0,0,3,16,0,103,0,0,0,,,9,35
Tianjin,2003-05-03 10:00,18,91,1,1,1,4,16,3,100,16,0,0,,,10,45
Tianjin,2003-05-04 10:00,9,100,0,1,0,4,9,0,105,4,0,0,,,4,49
Tianjin,2003-05-05 10:00,9,109,0,1,1,5,14,3,116,0,0,0,,,3,52
Tianjin,2003-05-06 10:00,11,120,0,1,0,5,5,1,114,6,0,0,,,6,58
Tianjin,2003-05-07 10:00,7,127,0,1,0,5,9,0,116,7,0,0,,,3,61
Tianjin,2003-05-08 10:00,5,132,1,2,0,5,8,1,118,5,0,0,,,3,64
Tianjin,2003-05-09 10:00,9,141,0,2,1,6,11,1,123,5,0,0,,,2,66
Tianjin,2003-05-10 10:00,8,149,0,2,1,7,5,3,118,7,0,0,,,1,67
Tianjin,2003-05-11 10:00,8,157,0,2,0,7,9,9,110,8,0,0,,,1,68
Tianjin,2003-05-12 10:00,6,163,0,2,1,8,3,2,105,6,0,0,,,0,68
Tianjin,2003-05-13 10:00,4,167,0,2,1,9,4,2,104,3,0,0,,,0,68
Tianjin,2003-05-14 10:00,4,171,0,2,0,9,3,2,102,3,0,0,,,0,68
Tianjin,2003-05-15 10:00,3,174,2,4,1,10,3,1,101,3,0,0,,,0,68
Tianjin,2003-05-16 10:00,3,177,2,6,1,11,3,5,97,2,0,0,,,1,69
Tianjin,2003-05-17 10:00,1,176,2,8,1,12,2,2,97,0,2,0,天津2例医务人员由原临床诊断病例转为疑似病例。,,0,67
Tianjin,2003-05-18 10:00,0,176,2,10,0,12,2,0,99,0,0,0,,,0,67
Tianjin,2003-05-19 10:00,0,175,2,12,1,13,2,0,101,0,1,0,天津排除原临床诊断病例1例。,,0,67
Tianjin,2003-05-20 10:00,0,175,2,14,0,13,1,2,100,0,0,0,,,0,67
Tianjin,2003-05-21 10:00,0,175,0,14,0,13,0,1,99,0,0,0,,,0,67
Tianjin,2003-05-22 10:00,0,175,1,15,1,14,0,4,95,0,0,0,,,0,67
Tianjin,2003-05-23 10:00,0,175,4,19,0,14,0,0,95,0,0,0,,,0,67
Tianjin,2003-05-24 10:00,0,175,10,29,0,14,0,0,95,0,0,0,,,0,67
Tianjin,2003-05-25 10:00,0,175,5,34,0,14,0,1,94,0,0,0,,,0,67
Tianjin,2003-05-26 10:00,0,175,4,38,0,14,0,0,94,0,0,0,,,0,67
Tianjin,2003-05-27 10:00,0,175,3,41,0,14,0,2,92,0,0,0,,,0,67
Tianjin,2003-05-28 10:00,0,175,15,56,0,14,0,1,91,0,0,0,,,0,67
Tianjin,2003-05-29 10:00,0,175,4,60,0,14,0,1,90,0,0,0,,,0,67
Tianjin,2003-05-30 10:00,0,175,17,77,0,14,0,14,76,0,0,0,,,0,67
Tianjin,2003-05-31 10:00,0,175,10,87,0,14,0,0,76,0,0,0,,,0,67
Tianjin,2003-06-01 10:00,0,175,7,94,0,14,0,0,76,0,0,0,,,0,67
Tianjin,2003-06-02 10:00,0,175,15,109,0,14,0,1,75,0,0,0,,,0,67
Tianjin,2003-06-03 10:00,0,175,8,117,0,14,0,0,75,0,0,0,,,0,67
Tianjin,2003-06-04 10:00,0,175,11,128,0,14,0,0,75,0,0,0,,,0,67
Tianjin,2003-06-05 10:00,0,175,4,132,0,14,0,2,73,0,0,0,,,0,67
Xinjiang,2003-04-21,,0,,0,,0,,,1,,,,,,,0
Xinjiang,2003-04-22 20:00,,0,,0,,0,,,1,,,,,,,0
Xinjiang,2003-04-23 20:00,,0,,0,,0,,,1,,,,,,,0
Xinjiang,2003-04-24 20:00,0,0,0,0,0,0,0,,1,,,,,,0,0
Xinjiang,2003-04-26 10:00,0,0,0,0,0,0,0,,1,,,,,,0,0
Xinjiang,2003-04-27 10:00,0,0,0,0,0,0,1,,2,,,,,,0,0
Xinjiang,2003-04-28 10:00,0,0,0,0,0,0,0,,2,,,,,,0,0
Xinjiang,2003-04-29 10:00,0,0,0,0,0,0,0,,1,,,,,,0,0
Xinjiang,2003-04-30 10:00,0,0,0,0,0,0,0,,1,,,,,,0,0
Xinjiang,2003-05-01 10:00,0,0,0,0,0,0,0,0,1,0,0,0,,,0,0
Xinjiang,2003-05-02 10:00,0,0,0,0,0,0,0,0,1,0,0,0,,,0,0
Xinjiang,2003-05-03 10:00,0,0,0,0,0,0,1,1,1,0,0,0,,,0,0
Xinjiang,2003-05-04 10:00,0,0,0,0,0,0,0,0,1,0,0,0,,,0,0
Xinjiang,2003-05-05 10:00,0,0,0,0,0,0,0,0,1,0,0,0,,,0,0
Xinjiang,2003-05-06 10:00,0,0,0,0,0,0,0,1,0,0,0,0,,,0,0
Xinjiang,2003-05-22 10:00,0,0,0,0,0,0,1,0,1,0,0,0,,,0,0
Xinjiang,2003-05-23 10:00,0,0,0,0,0,0,0,0,1,0,0,0,,,0,0
Xinjiang,2003-05-24 10:00,0,0,0,0,0,0,0,0,1,0,0,0,,,0,0
Xinjiang,2003-05-25 10:00,0,0,0,0,0,0,0,0,1,0,0,0,,,0,0
Xinjiang,2003-05-26 10:00,0,0,0,0,0,0,0,0,1,0,0,0,,,0,0
Xinjiang,2003-05-27 10:00,0,0,0,0,0,0,1,0,2,0,0,0,,,0,0
Xinjiang,2003-05-28 10:00,0,0,0,0,0,0,0,0,2,0,0,0,,,0,0
Xinjiang,2003-05-29 10:00,0,0,0,0,0,0,0,0,2,0,0,0,,,0,0
Xinjiang,2003-05-30 10:00,0,0,0,0,0,0,0,0,2,0,0,0,,,0,0
Xinjiang,2003-05-31 10:00,0,0,0,0,0,0,0,0,2,0,0,0,,,0,0
Zhejiang,2003-04-22 20:00,,3,,0,,0,,,0,,,,,,,0
Zhejiang,2003-04-23 20:00,,3,,0,,0,,,2,,,,,,,0
Zhejiang,2003-04-24 20:00,0,3,0,0,0,0,3,,5,,,,,,0,0
Zhejiang,2003-04-26 10:00,0,3,0,0,0,0,1,,6,,,,,,0,0
Zhejiang,2003-04-27 10:00,0,3,0,0,0,0,0,,6,,,,,,0,0
Zhejiang,2003-04-28 10:00,0,3,0,0,0,0,1,,6,,,,,,0,0
Zhejiang,2003-04-29 10:00,0,3,0,0,0,0,0,,6,,,,,,0,0
Zhejiang,2003-04-30 10:00,0,3,0,0,0,0,0,,5,,,,,,0,0
Zhejiang,2003-05-01 10:00,0,3,0,0,0,0,0,2,3,0,0,0,,,0,0
Zhejiang,2003-05-02 10:00,0,3,0,0,0,0,0,0,3,0,0,0,,,0,0
Zhejiang,2003-05-03 10:00,0,3,0,0,0,0,0,0,3,0,0,0,,,0,0
Zhejiang,2003-05-04 10:00,0,3,0,0,0,0,1,0,4,0,0,0,,,0,0
Zhejiang,2003-05-05 10:00,0,3,0,0,0,0,0,0,4,0,0,0,,,0,0
Zhejiang,2003-05-06 10:00,0,3,0,0,0,0,1,0,5,0,0,0,,,0,0
Zhejiang,2003-05-07 10:00,0,3,0,0,0,0,0,0,5,0,0,0,,,0,0
Zhejiang,2003-05-08 10:00,1,4,0,0,0,0,1,0,5,1,0,0,,,0,0
Zhejiang,2003-05-09 10:00,0,4,0,0,0,0,0,1,4,0,0,0,,,0,0
Zhejiang,2003-05-10 10:00,0,4,0,0,0,0,1,0,5,0,0,0,,,0,0
Zhejiang,2003-05-11 10:00,0,4,0,0,0,0,0,0,5,0,0,0,,,0,0
Zhejiang,2003-05-12 10:00,0,4,0,0,0,0,0,0,5,0,0,0,,,0,0
Zhejiang,2003-05-13 10:00,0,4,0,0,0,0,0,0,5,0,0,0,,,0,0
Zhejiang,2003-05-14 10:00,0,4,0,0,0,0,0,0,5,0,0,0,,,0,0
Zhejiang,2003-05-15 10:00,0,4,0,0,0,0,0,1,4,0,0,0,,,0,0
Zhejiang,2003-05-16 10:00,0,4,0,0,0,0,0,1,3,0,0,0,,,0,0
Zhejiang,2003-05-17 10:00,0,4,0,0,0,0,0,0,3,0,0,0,,,0,0
Zhejiang,2003-05-18 10:00,0,4,0,0,0,0,0,0,3,0,0,0,,,0,0
Zhejiang,2003-05-19 10:00,0,4,0,0,0,0,0,0,3,0,0,0,,,0,0
Zhejiang,2003-05-20 10:00,0,4,0,0,0,0,0,0,3,0,0,0,,,0,0
Zhejiang,2003-05-21 10:00,0,4,0,0,0,0,0,1,2,0,0,0,,,0,0
Zhejiang,2003-05-22 10:00,0,4,0,0,0,0,0,1,1,0,0,0,,,0,0
Zhejiang,2003-05-23 10:00,0,4,0,0,0,0,0,0,1,0,0,0,,,0,0
Zhejiang,2003-05-24 10:00,0,4,0,0,0,0,0,0,1,0,0,0,,,0,0
Zhejiang,2003-05-25 10:00,0,4,0,0,0,0,0,0,1,0,0,0,,,0,0
Zhejiang,2003-05-26 10:00,0,4,1,1,0,0,0,1,0,0,0,0,,,0,0
Zhejiang,2003-05-27 10:00,0,4,0,1,0,0,0,0,0,0,0,0,,,0,0
Zhejiang,2003-05-28 10:00,0,4,0,1,0,0,0,0,0,0,0,0,,,0,0
Zhejiang,2003-05-29 10:00,0,4,0,1,0,0,0,0,0,0,0,0,,,0,0
Zhejiang,2003-05-30 10:00,0,4,0,1,0,0,0,0,0,0,0,0,,,0,0
Zhejiang,2003-05-31 10:00,0,4,0,1,0,0,0,0,0,0,0,0,,,0,0